"ID","Title","New Name","Prerequisite","Slug","Parent"
"d458ad46-e6da-4c81-a611-39ec54a948ae","Jump","","","",""
"f4538f30-38d4-42aa-b416-1d3cb13ab408","Defend","","","",""
"22d01ccb-4f6d-41e9-a871-cfc63d694c08","Lunge","","","",""
"d69f299e-77e9-405e-85fc-ee0f8ee3521d","Retreat","Backstep","","",""
"f68d94d4-aecf-48e8-a8e8-dd1960f99a59","Crouch","","","",""
"ba88dcab-8962-41db-bb0f-10752f46381d","Push","","","",""
"5d5585a7-0038-4fdf-8e31-c7047c2dae5f","Cheer","","","",""
"65f5e822-237f-448c-ae01-850d7228c362","Spin","","","",""
"efd538fe-e9ef-4195-97d7-33754f65de2f","Grapple","","[""f4538f30-38d4-42aa-b416-1d3cb13ab408"",""ba88dcab-8962-41db-bb0f-10752f46381d""]","",""
"f476a534-67fc-4b02-a5d2-7f75779c9fb7","Whirl","","[""efd538fe-e9ef-4195-97d7-33754f65de2f"",""65f5e822-237f-448c-ae01-850d7228c362""]","",""
"eb11a397-c7bd-4f4c-9208-13e7d4644e86","Bash","Catapult","[""ba88dcab-8962-41db-bb0f-10752f46381d"",""f476a534-67fc-4b02-a5d2-7f75779c9fb7""]","",""
"590a5538-5174-46b8-a52a-d3e51f68eae1","Somersault","","[""d458ad46-e6da-4c81-a611-39ec54a948ae"",""22d01ccb-4f6d-41e9-a871-cfc63d694c08""]","",""
"73b573d0-d192-4776-b889-69a86d6a1ec2","Back-Roll","","[""d458ad46-e6da-4c81-a611-39ec54a948ae"",""d69f299e-77e9-405e-85fc-ee0f8ee3521d""]","",""
"adea78a1-d141-44e1-9f86-74a1e16e2a2f","Back-Flip","","[""73b573d0-d192-4776-b889-69a86d6a1ec2"",""3b63ab24-686a-4051-80b8-a269ee938da5""]","",""
"3b63ab24-686a-4051-80b8-a269ee938da5","High-Jump","","[""f68d94d4-aecf-48e8-a8e8-dd1960f99a59"",""d458ad46-e6da-4c81-a611-39ec54a948ae""]","",""
"cea35df0-ff8b-4a5c-9dd5-19d84845aa26","Double-Jump","","[""3b63ab24-686a-4051-80b8-a269ee938da5"",""d458ad46-e6da-4c81-a611-39ec54a948ae""]","",""
"04f7e879-91e6-451e-80d2-5b4718578aea","Tackle","","[""22d01ccb-4f6d-41e9-a871-cfc63d694c08"",""ba88dcab-8962-41db-bb0f-10752f46381d""]","",""
"53f9dbde-87d0-42ba-850a-b3b9264ae22b","Counterattack","","[""f4538f30-38d4-42aa-b416-1d3cb13ab408""]","",""
"e3cc2d47-75e3-4e1a-9acc-999659efcee6","Counterstrike","","[""53f9dbde-87d0-42ba-850a-b3b9264ae22b""]","",""
"9707ec6d-4df0-4d1d-81a2-856d65c4558c","Taunt","","[""5d5585a7-0038-4fdf-8e31-c7047c2dae5f"",""d69f299e-77e9-405e-85fc-ee0f8ee3521d""]","",""
"f4a1d3f4-aaf4-4f95-a3dc-da41fd49adbf","Evade","","[""22d01ccb-4f6d-41e9-a871-cfc63d694c08"",""d69f299e-77e9-405e-85fc-ee0f8ee3521d""]","",""
"90bdd1ac-4892-4f21-b0d0-737d48389ea7","Defensive Lunge","","[""f4538f30-38d4-42aa-b416-1d3cb13ab408"",""22d01ccb-4f6d-41e9-a871-cfc63d694c08""]","",""
"c163beb2-63c0-457a-82e8-8fc8b286047e","Slide","","[""f68d94d4-aecf-48e8-a8e8-dd1960f99a59"",""22d01ccb-4f6d-41e9-a871-cfc63d694c08""]","",""
"6e19fd60-6de3-46d1-be6a-635377671a64","Flip-Kick","","[""adea78a1-d141-44e1-9f86-74a1e16e2a2f"",""73b573d0-d192-4776-b889-69a86d6a1ec2""]","",""
"522faa53-d275-425c-9a2e-463974ac3d49","Moonsault","","[""3b63ab24-686a-4051-80b8-a269ee938da5"",""590a5538-5174-46b8-a52a-d3e51f68eae1""]","",""
"1ae375c2-3512-4bd7-9bf5-c55fb8675354","Toss","","[""eb11a397-c7bd-4f4c-9208-13e7d4644e86"",""f68d94d4-aecf-48e8-a8e8-dd1960f99a59""]","",""
