"ID","Title","Image","Content","Slug","Parent"
"ac1d9e3c-9545-4a3a-a901-ced08a8499ab","Niccolo","img/encyclopedias/npc/niccolo.png","He believes that he brings happiness to his customers with his transactions, but he sometimes plays dirty tricks on them. Dislikes the Sproutlings and Flowerlings.","",""
"87256000-8940-494a-a915-2ab6e9d6b000","Daena","img/encyclopedias/npc/daena.png","A monk soldier who protects Gato's temple. She grew up with Escad, Matilda, and Irwin, but especially adores Matilda like her own sister.","",""
"208514c6-f890-4f21-8e5b-ad4716b06c82","Bud","img/encyclopedias/npc/bud.png","Lisa's twin brother. He thinks he is a great sorcerer, though he still has much to learn. He was run out of the Academy of Magic because he was too mischievous. His magic frying-pan was once his mother's.","",""
"1f179e0f-0786-4d4e-adc7-6e3a2fcedcd1","Lisa","img/encyclopedias/npc/lisa.png","A better sorcerer than her twin brother. She carries around her father's broomstick.","",""
"093918ad-6458-4aa2-a048-f31ed19b593b","Elazul","img/encyclopedias/npc/elazul.png","Pearl's knight, and one of the youngest Jumi. He speaks and acts in a rough manner and thus starts the occasional fight.","",""
"6f10c383-c0b2-4a5b-a7b0-7f4b2dd73927","Escad","img/encyclopedias/npc/escad.png","Born into the Liotte family of Holy Knights. He fights for the cause of justice with an overbearing sense of righteousness.","",""
"958da05a-85f1-498c-ac4a-8ebaf20c458f","Pearl","img/encyclopedias/npc/pearl.png","Elazul's partner. She sometimes has a tough time speaking clearly, and is also very shy. Has a tendency to wander off and get lost while thinking.","",""
"669e5866-f397-4fbf-896f-23dada8d073b","Blackpearl","img/encyclopedias/npc/blackpearl.png","A Jumi knight who devotes herself to leading the Jumi through the threat of extinction. A very logical and level-headed individual.","",""
"85f4c505-479b-4755-8ded-f95d2e244720","Larc","img/encyclopedias/npc/larc.png","A beast-warrior who once was a famous hero. He became Drakonis's dragoon after he died.","",""
"d1dc7123-e2f4-4418-891a-e678ed021095","Sierra","img/encyclopedias/npc/sierra.png","A beast-warrior who is Vadise's dragoon. Never compromises, and always hard on herself as well as others.","",""
"97ecf9eb-9d35-43f2-8794-ec8d90f66983","Elle","img/encyclopedias/npc/elle.png","A siren who refuses to sing as the result of an accident. Friends with Flameshe and Monique.","",""
"88c2aa0a-1fc6-4405-9be0-26b37c4706b2","Esmeralda","img/encyclopedias/npc/esmeralda.png","A very charming and sometimes childish student at Geo's Academy of Magic. There are rumors that she may be Nunuzac's magical monster, or a ghost.","",""
