"ID","Title","Artifact","Slug","Parent"
"350a6752-4b9a-4117-b9f0-a118ac73fd25","Home","Mailbox","",""
"f77a94f3-8686-43b2-8713-318737ae321e","Domina","Colorblocks","",""
"b1544f0c-d368-4ba5-a8dc-3dce6cc47de4","Luon Highway","Wheel","",""
"8be3dc98-1680-4a9b-9b2f-08868bb276bb","Gato Grottoes","Flame","",""
"6b3b7cac-0422-4e4c-8be2-acd6482c1adb","Mindas Ruins","Ancient Tablet","",""
"f9cc14be-8c08-458d-bb4b-24a8f19eeb11","Ulkan Mines","Bottled Spirit","",""
"1704c29d-b3e9-49d9-8952-e297718e9846","Junkyard","Broken Doll","",""
"45401104-03f6-4dcd-8543-373ed020605d","Mekiv Caverns","Jade Egg","",""
"1b81296f-e448-4faa-9423-879638b59d06","Tower of Leires","Moon's Mirror","",""
"d788eaf2-761b-4e4a-b17f-035e9670b950","Lake Kilma","Stone Eye","",""
"832b8791-642b-40bb-abf1-9fefbab700aa","Lumina","Firefly Lamp","",""
"c9bb2a06-79b3-4a19-a148-0180abb7ebde","Jungle","Medallion","",""
"820411e2-0ba1-4237-8d3a-94d83e1c3479","Duma Desert","Sand Rose","",""
"d6d66be8-d4c3-4842-ac87-ad79aa5385dd","Underworld","Trembling Spoon","",""
"696e2839-b3f7-481a-ab2a-4d8431ba6260","Norn Peaks","Skull Lantern","",""
"378bb20b-ad1f-44bf-9b34-8d28a3c2ce3b","Bone Fortress","Dragon Bone","",""
"c834ae7c-df9f-49b5-9259-b9d8ee50d684","Fieg Snowfields","Frozen Heart","",""
"ed397928-b478-4ce6-b35e-93731aca1436","Lucemia","Brooch of Love","",""
"ded1c1d8-364b-444f-bd94-4d1a254ce3dc","Tree of Mana","Sword of Mana","",""
"234243b6-9976-49c7-a5a1-18196c497eb8","Polpota Harbor","Rusted Anchor","",""
"1f47e608-ab68-441c-aba0-cc68e2a1be3d","Orchard","Golden Seed","",""
"a4de82f6-9775-4e04-bf49-6b264336ff92","Madora Beach","Torch of Coral","",""
"c8e900f5-828d-4037-a849-27ad15c53373","Geo","Tome of Magic","",""
"b98bee9c-556e-4876-99d3-d13226edf59d","White Forest","Green Cane","",""
"bccbf8d9-dbb0-402b-8a2f-e258af32d745","SS Buccaneer","Pirate's Hook","",""
"1d688ea1-febb-43a7-879a-1626dafb29a7","Bejeweled City","Jumi's Staff","",""
"95f0b58f-93ec-4d1b-a6e6-f0b087728f28","The Flames","Underworld","",""
"e2105cab-d731-4763-9db4-f1903311327a","N/A","","",""
