"ID","Title","Monster Type","Monster Locations","Egg Locations","Monster Drops","Pet Stats","Syncro Effect","Required Mana","Sell Price","Slug","Parent"
"abccacee-d121-424f-87a5-e29f4b81cd1c","Ape Mummy","undead","[""1d688ea1-febb-43a7-879a-1626dafb29a7"",""6b3b7cac-0422-4e4c-8be2-acd6482c1adb"",""d6d66be8-d4c3-4842-ac87-ad79aa5385dd""]","[""378bb20b-ad1f-44bf-9b34-8d28a3c2ce3b""]","{""1"":""Exp"",""2"":""Exp"",""3"":""Rotten Meat"",""4"":""Spiral Claw"",""5"":""Grave Dirt"",""6"":""Zombie Claw"",""7"":""Judd Hemp"",""8"":""Skuldesect""}","{""Pow"":""7"",""Skl"":""4"",""Def"":""3"",""Mgc"":""3"",""HP"":""10"",""Spr"":""3"",""Chm"":""3"",""Lck"":""5""}","ATTK: Demi","","15","ape-mummy",""
"1b900c31-ec0b-4ef2-8a8f-3c93aae3acec","Bloodsucker","aerial","[""45401104-03f6-4dcd-8543-373ed020605d"",""1b81296f-e448-4faa-9423-879638b59d06""]","[""b1544f0c-d368-4ba5-a8dc-3dce6cc47de4"",""696e2839-b3f7-481a-ab2a-4d8431ba6260""]","{""1"":""Exp"",""2"":""Round Seed"",""3"":""Bird Meat"",""4"":""Vampire Fang"",""5"":""Blackened Bat"",""6"":""Blackened Bat"",""7"":""Blackened Bat"",""8"":""Blackened Bat""}","{""Pow"":""3"",""Skl"":""4"",""Def"":""3"",""Mgc"":""4"",""HP"":""2"",""Spr"":""3"",""Chm"":""7"",""Lck"":""5""}","DEF: Confusion","","70","bloodsucker",""
"728b90f8-6940-4ce3-83d7-5fe961fdadef","Chocobo","aerial","[""820411e2-0ba1-4237-8d3a-94d83e1c3479"",""b1544f0c-d368-4ba5-a8dc-3dce6cc47de4"",""a4de82f6-9775-4e04-bf49-6b264336ff92"",""ded1c1d8-364b-444f-bd94-4d1a254ce3dc""]","[""b1544f0c-d368-4ba5-a8dc-3dce6cc47de4"",""696e2839-b3f7-481a-ab2a-4d8431ba6260""]","{""1"":""Exp + Lucre"",""2"":""Chocolate"",""3"":""Bird Meat"",""4"":""Flaming Quill"",""5"":""Flaming Quill"",""6"":""Flaming Quill"",""7"":""Flaming Quill"",""8"":""Flaming Quill""}","{""Pow"":""4"",""Skl"":""4"",""Def"":""3"",""Mgc"":""3"",""HP"":""8"",""Spr"":""4"",""Chm"":""4"",""Lck"":""5""}","Status Recovery","","300","chocobo",""
"94fc1628-2d35-47ed-bc73-94b33f1633d5","Cockatrice","aerial","[""820411e2-0ba1-4237-8d3a-94d83e1c3479"",""c9bb2a06-79b3-4a19-a148-0180abb7ebde"",""ed397928-b478-4ce6-b35e-93731aca1436""]","[""b1544f0c-d368-4ba5-a8dc-3dce6cc47de4"",""696e2839-b3f7-481a-ab2a-4d8431ba6260""]","{""1"":""Exp + Lucre"",""2"":""Exp + Lucre"",""3"":""Bird Meat"",""4"":""Flaming Quill"",""5"":""Flaming Quill"",""6"":""Flaming Quill"",""7"":""Flaming Quill"",""8"":""Flaming Quill""}","{""Pow"":""3"",""Skl"":""3"",""Def"":""3"",""Mgc"":""4"",""HP"":""7"",""Spr"":""7"",""Chm"":""7"",""Lck"":""5""}","DEF: Petrification","","30","cockatrice",""
"759d47dd-eb22-4587-9908-557957a7c0e1","Garuda","aerial","[""b1544f0c-d368-4ba5-a8dc-3dce6cc47de4"",""ded1c1d8-364b-444f-bd94-4d1a254ce3dc""]","[""b1544f0c-d368-4ba5-a8dc-3dce6cc47de4"",""696e2839-b3f7-481a-ab2a-4d8431ba6260""]","{""1"":""Exp + Lucre"",""2"":""Exp"",""3"":""Bird Meat"",""4"":""Raven Feather"",""5"":""Angle Feather"",""6"":""Angle Feather"",""7"":""Ruby Band"",""8"":""Phoenix Robe""}","{""Pow"":""8"",""Skl"":""8"",""Def"":""7"",""Mgc"":""4"",""HP"":""10"",""Spr"":""4"",""Chm"":""4"",""Lck"":""5""}","ATTK: Aquatics","","500","garuda",""
"79d2f52b-43f1-4039-bd6a-09c5b5501bef","Needlebeak","aerial","[""8be3dc98-1680-4a9b-9b2f-08868bb276bb"",""b1544f0c-d368-4ba5-a8dc-3dce6cc47de4"",""b98bee9c-556e-4876-99d3-d13226edf59d""]","[""b1544f0c-d368-4ba5-a8dc-3dce6cc47de4"",""696e2839-b3f7-481a-ab2a-4d8431ba6260""]","{""1"":""Exp"",""2"":""Exp + Lucre"",""3"":""Bird Meat"",""4"":""Needle"",""5"":""Needle"",""6"":""Needle"",""7"":""Needle"",""8"":""Needle""}","{""Pow"":""3"",""Skl"":""4"",""Def"":""2"",""Mgc"":""3"",""HP"":""2"",""Spr"":""4"",""Chm"":""3"",""Lck"":""5""}","DEF: Aerials","","50","needlebeak",""
"9dcac7c3-f9fb-4d6c-82b5-0c7a7ec5a80c","Iffish","aquatic","[""a4de82f6-9775-4e04-bf49-6b264336ff92"",""bccbf8d9-dbb0-402b-8a2f-e258af32d745""]","[""a4de82f6-9775-4e04-bf49-6b264336ff92"",""bccbf8d9-dbb0-402b-8a2f-e258af32d745""]","{""1"":""Exp"",""2"":""Exp + Lucre"",""3"":""Fish Meat"",""4"":""Fish Scales"",""5"":""Fish Scales"",""6"":""Fish Scales"",""7"":""Fish Scales"",""8"":""Fish Scales""}","{""Pow"":""3"",""Skl"":""3"",""Def"":""3"",""Mgc"":""4"",""HP"":""4"",""Spr"":""3"",""Chm"":""3"",""Lck"":""5""}","DEF: Aquatics","","10","iffish",""
"aec25509-0088-427d-bb7c-b8378a1d36a2","Pincher Crab","aquatic","[""a4de82f6-9775-4e04-bf49-6b264336ff92"",""45401104-03f6-4dcd-8543-373ed020605d""]","[""a4de82f6-9775-4e04-bf49-6b264336ff92"",""bccbf8d9-dbb0-402b-8a2f-e258af32d745""]","{""1"":""Exp"",""2"":""Exp + Lucre"",""3"":""Fish Meat"",""4"":""Scissors"",""5"":""Shell"",""6"":""Coral"",""7"":""Coral"",""8"":""Full Metal""}","{""Pow"":""4"",""Skl"":""4"",""Def"":""4"",""Mgc"":""3"",""HP"":""4"",""Spr"":""2"",""Chm"":""2"",""Lck"":""5""}","DEF: Sleep","","15","pincher-crab",""
"ba5a5b31-3586-471b-8160-042474e6b973","Seadragon","aquatic","[""c834ae7c-df9f-49b5-9259-b9d8ee50d684"",""ed397928-b478-4ce6-b35e-93731aca1436"",""a4de82f6-9775-4e04-bf49-6b264336ff92""]","[""a4de82f6-9775-4e04-bf49-6b264336ff92"",""bccbf8d9-dbb0-402b-8a2f-e258af32d745""]","{""1"":""Exp + Lucre"",""2"":""Exp + Lucre"",""3"":""Fish Meat"",""4"":""Fish Scales"",""5"":""Coral"",""6"":""Coral"",""7"":""Coral"",""8"":""Coral""}","{""Pow"":""4"",""Skl"":""7"",""Def"":""4"",""Mgc"":""4"",""HP"":""7"",""Spr"":""3"",""Chm"":""3"",""Lck"":""5""}","Freeze","","40","seadragon",""
"0d7e4fdc-94a0-4129-bc39-cd501a52fbf2","Seajack","aquatic","[""a4de82f6-9775-4e04-bf49-6b264336ff92"",""bccbf8d9-dbb0-402b-8a2f-e258af32d745""]","[""a4de82f6-9775-4e04-bf49-6b264336ff92"",""bccbf8d9-dbb0-402b-8a2f-e258af32d745""]","{""1"":""Exp + Lucre"",""2"":""Exp"",""3"":""Fish Meat"",""4"":""Fish Meat"",""5"":""Coral"",""6"":""Coral"",""7"":""Coral"",""8"":""Coral""}","{""Pow"":""7"",""Skl"":""7"",""Def"":""3"",""Mgc"":""3"",""HP"":""8"",""Spr"":""4"",""Chm"":""3"",""Lck"":""5""}","HP Plus","","20","seajack",""
"761bca69-c0a6-46d1-987b-959ae5c5d1b3","Gloomoth","arthropod","[""378bb20b-ad1f-44bf-9b34-8d28a3c2ce3b"",""c9bb2a06-79b3-4a19-a148-0180abb7ebde"",""95f0b58f-93ec-4d1b-a6e6-f0b087728f28""]","[""820411e2-0ba1-4237-8d3a-94d83e1c3479"",""696e2839-b3f7-481a-ab2a-4d8431ba6260""]","{""1"":""Exp"",""2"":""Exp + Lucre"",""3"":""Bug Meat"",""4"":""Sleepy Eye"",""5"":""Moth Wing"",""6"":""Paralysis Powder"",""7"":""Sleep Powder"",""8"":""Sleep Powder""}","{""Pow"":""3"",""Skl"":""4"",""Def"":""4"",""Mgc"":""7"",""HP"":""7"",""Spr"":""4"",""Chm"":""7"",""Lck"":""5""}","Confusion","","200","gloomoth",""
"0d639eb1-c1fc-4eaf-a233-49660fbb4983","Hoppin' Tick","arthropod","Ulkan Mines","[""820411e2-0ba1-4237-8d3a-94d83e1c3479"",""696e2839-b3f7-481a-ab2a-4d8431ba6260""]","{""1"":""Exp"",""2"":""Exp + Lucre"",""3"":""Bug Meat"",""4"":""Angry Eye"",""5"":""Rust"",""6"":""Rust"",""7"":""Rust"",""8"":""Rust""}","{""Pow"":""2"",""Skl"":""7"",""Def"":""2"",""Mgc"":""3"",""HP"":""2"",""Spr"":""4"",""Chm"":""4"",""Lck"":""5""}","Luck Plus","","120","hoppin-tick",""
"879665d1-6d2e-416a-8618-fe8dfc06d393","Sand Scorpion","arthropod","[""820411e2-0ba1-4237-8d3a-94d83e1c3479"",""ed397928-b478-4ce6-b35e-93731aca1436""]","[""820411e2-0ba1-4237-8d3a-94d83e1c3479"",""696e2839-b3f7-481a-ab2a-4d8431ba6260""]","{""1"":""Exp"",""2"":""Exp + Lucre"",""3"":""Bug Meat"",""4"":""Poison Powder"",""5"":""Stinger"",""6"":""Scissors"",""7"":""Shell"",""8"":""Heros Armor""}","{""Pow"":""8"",""Skl"":""7"",""Def"":""8"",""Mgc"":""3"",""HP"":""8"",""Spr"":""4"",""Chm"":""4"",""Lck"":""5""}","ATTK: Plants","","150","sand-scorpion",""
"a073bb06-3890-49e2-b712-8c759621eb11","Stinger Bug","arthropod","[""d788eaf2-761b-4e4a-b17f-035e9670b950"",""b1544f0c-d368-4ba5-a8dc-3dce6cc47de4""]","[""820411e2-0ba1-4237-8d3a-94d83e1c3479"",""696e2839-b3f7-481a-ab2a-4d8431ba6260""]","{""1"":""Exp"",""2"":""Exp + Lucre"",""3"":""Bug Meat"",""4"":""Clear Feather"",""5"":""Clear Feather"",""6"":""Clear Feather"",""7"":""Clear Feather"",""8"":""Clear Feather""}","{""Pow"":""3"",""Skl"":""4"",""Def"":""2"",""Mgc"":""3"",""HP"":""2"",""Spr"":""4"",""Chm"":""3"",""Lck"":""5""}","DEF: Poison","","100","stinger-bug",""
"3ba7e46b-a485-4fab-9f7c-17b3e04734bc","Gray Ox","beast","[""8be3dc98-1680-4a9b-9b2f-08868bb276bb"",""d788eaf2-761b-4e4a-b17f-035e9670b950""]","[""d788eaf2-761b-4e4a-b17f-035e9670b950"",""b98bee9c-556e-4876-99d3-d13226edf59d""]","{""1"":""Exp + Lucre"",""2"":""Exp + Lucre"",""3"":""Animal Bone"",""4"":""Animal Hide"",""5"":""Giant's Horn"",""6"":""Giant's Horn"",""7"":""Giant's Horn"",""8"":""Giant's Horn""}","{""Pow"":""7"",""Skl"":""3"",""Def"":""4"",""Mgc"":""3"",""HP"":""10"",""Spr"":""3"",""Chm"":""3"",""Lck"":""5""}","ATTK: Reptiles","","100","gray-ox",""
"80643dd0-2234-4de8-854b-4e096236764a","Howler","beast","[""c834ae7c-df9f-49b5-9259-b9d8ee50d684"",""696e2839-b3f7-481a-ab2a-4d8431ba6260"",""95f0b58f-93ec-4d1b-a6e6-f0b087728f28""]","[""d788eaf2-761b-4e4a-b17f-035e9670b950"",""b98bee9c-556e-4876-99d3-d13226edf59d""]","{""1"":""Exp + Lucre"",""2"":""Exp + Lucre"",""3"":""Animal Bone"",""4"":""Sharp Claw"",""5"":""Poison Fang"",""6"":""Demon-Wolf"",""7"":""Poison Fang"",""8"":""Poison Fang""}","{""Pow"":""8"",""Skl"":""7"",""Def"":""3"",""Mgc"":""3"",""HP"":""7"",""Spr"":""3"",""Chm"":""3"",""Lck"":""5""}","Skill Plus","","80","howler",""
"33613fe1-6063-461f-be20-c944cc987c62","Molebear","beast","[""820411e2-0ba1-4237-8d3a-94d83e1c3479"",""f9cc14be-8c08-458d-bb4b-24a8f19eeb11""]","[""d788eaf2-761b-4e4a-b17f-035e9670b950"",""b98bee9c-556e-4876-99d3-d13226edf59d""]","{""1"":""Exp + Lucre"",""2"":""Exp + Lucre"",""3"":""Animal Meat"",""4"":""Animal Bone"",""5"":""Animal Hide"",""6"":""Sharp Claw"",""7"":""Vizel Gold"",""8"":""Gigas Gloves""}","{""Pow"":""3"",""Skl"":""3"",""Def"":""2"",""Mgc"":""3"",""HP"":""3"",""Spr"":""4"",""Chm"":""3"",""Lck"":""5""}","DEF: Darkness","","60","molebear",""
"d9186712-0907-498d-92c0-1889e3c109d3","Rabite","beast","[""c834ae7c-df9f-49b5-9259-b9d8ee50d684"",""b1544f0c-d368-4ba5-a8dc-3dce6cc47de4"",""b98bee9c-556e-4876-99d3-d13226edf59d""]","[""d788eaf2-761b-4e4a-b17f-035e9670b950"",""b98bee9c-556e-4876-99d3-d13226edf59d""]","{""1"":""Exp + Lucre"",""2"":""Round Seed"",""3"":""Animal Meat"",""4"":""Animal Hide"",""5"":""Animal Bone"",""6"":""Little Eye"",""7"":""Hairball"",""8"":""Rabite Ear""}","{""Pow"":""3"",""Skl"":""3"",""Def"":""3"",""Mgc"":""3"",""HP"":""3"",""Spr"":""3"",""Chm"":""3"",""Lck"":""8""}","HP Recovery","","50","rabite",""
"c63587b7-4eef-40fc-98d6-965a5c8f2d6b","Teedie","beast","[""d788eaf2-761b-4e4a-b17f-035e9670b950"",""a4de82f6-9775-4e04-bf49-6b264336ff92""]","[""d788eaf2-761b-4e4a-b17f-035e9670b950"",""b98bee9c-556e-4876-99d3-d13226edf59d""]","{""1"":""Exp + Lucre"",""2"":""Round Seed"",""3"":""Animal Hide"",""4"":""Sleepy Eye"",""5"":""Angel Feather"",""6"":""Little Eye"",""7"":""Obsidian"",""8"":""Pedan Stone""}","{""Pow"":""3"",""Skl"":""3"",""Def"":""3"",""Mgc"":""4"",""HP"":""4"",""Spr"":""3"",""Chm"":""3"",""Lck"":""5""}","Paralysis","","70","teedie",""
"1641e0cb-350c-47eb-a0a7-85b332007130","Chobin Hood","demi-human","[""1d688ea1-febb-43a7-879a-1626dafb29a7"",""d788eaf2-761b-4e4a-b17f-035e9670b950"",""b1544f0c-d368-4ba5-a8dc-3dce6cc47de4""]","[""c9bb2a06-79b3-4a19-a148-0180abb7ebde""]","{""1"":""Exp + Lucre"",""2"":""Exp + Lucre"",""3"":""Elder Bow"",""4"":""Elder Bow"",""5"":""Archenon"",""6"":""Sidewinder"",""7"":""Waveruck"",""8"":""Sacred Bow""}","{""Pow"":""8"",""Skl"":""10"",""Def"":""7"",""Mgc"":""4"",""HP"":""10"",""Spr"":""3"",""Chm"":""3"",""Lck"":""5""}","ATTK: Indirect","Dryad 3","10","chobin-hood",""
"e89b494c-91b9-47c2-96d5-1bc1ce866232","Chimera Beast","demonic","[""d6d66be8-d4c3-4842-ac87-ad79aa5385dd""]","[""1704c29d-b3e9-49d9-8952-e297718e9846""]","{""1"":""Exp + Lucre"",""2"":""Exp + Lucre"",""3"":""Demon Meat"",""4"":""Demon Meat"",""5"":""Marble"",""6"":""Obsidian"",""7"":""Pedan Stone"",""8"":""Gaeus' Tears""}","{""Pow"":""7"",""Skl"":""3"",""Def"":""7"",""Mgc"":""7"",""HP"":""8"",""Spr"":""8"",""Chm"":""4"",""Lck"":""5""}","ATTK: Oddities","","750","chimera-beast",""
"75bbf47a-44cc-48f7-aa2b-0130e061dd70","Dark Stalker","demonic","[""1d688ea1-febb-43a7-879a-1626dafb29a7"",""1b81296f-e448-4faa-9423-879638b59d06"",""d6d66be8-d4c3-4842-ac87-ad79aa5385dd""]","[""c9bb2a06-79b3-4a19-a148-0180abb7ebde""]","{""1"":""Exp"",""2"":""Exp"",""3"":""Demon Meat"",""4"":""Levantine"",""5"":""Dragonsbane"",""6"":""Durandal"",""7"":""Doombringer"",""8"":""Ragnarok""}","{""Pow"":""8"",""Skl"":""7"",""Def"":""7"",""Mgc"":""3"",""HP"":""7"",""Spr"":""8"",""Chm"":""4"",""Lck"":""5""}","Darkness","","600","dark-stalker",""
"3ea080f9-4487-4ea5-a2ed-551051656a3e","Fierce Face","demonic","[""820411e2-0ba1-4237-8d3a-94d83e1c3479"",""95f0b58f-93ec-4d1b-a6e6-f0b087728f28""]","[""c9bb2a06-79b3-4a19-a148-0180abb7ebde""]","{""1"":""Exp + Lucre"",""2"":""Exp + Lucre"",""3"":""Demon Meat"",""4"":""Pegasus Helm"",""5"":""Bloody Mask"",""6"":""Milane Crown"",""7"":""Jester's Cap"",""8"":""Hero's Crown""}","{""Pow"":""3"",""Skl"":""3"",""Def"":""3"",""Mgc"":""7"",""HP"":""4"",""Spr"":""4"",""Chm"":""7"",""Lck"":""5""}","DEF: Flame Burst","","350","fierce-face",""
"da8e8386-18c5-46c0-8ada-51731d435175","Imp","demonic","[""1704c29d-b3e9-49d9-8952-e297718e9846"",""ed397928-b478-4ce6-b35e-93731aca1436"",""b1544f0c-d368-4ba5-a8dc-3dce6cc47de4""]","[""c9bb2a06-79b3-4a19-a148-0180abb7ebde""]","{""1"":""Exp + Lucre"",""2"":""Round Seed"",""3"":""Demon Meat"",""4"":""True Spear"",""5"":""True Spear"",""6"":""True Spear"",""7"":""True Spear"",""8"":""Devil's Fork""}","{""Pow"":""3"",""Skl"":""4"",""Def"":""3"",""Mgc"":""4"",""HP"":""3"",""Spr"":""4"",""Chm"":""4"",""Lck"":""5""}","Bonus XP","","300","imp",""
"df21739f-a26a-4247-b563-345f0f80ef92","Punkster","demonic","[""1704c29d-b3e9-49d9-8952-e297718e9846"",""ded1c1d8-364b-444f-bd94-4d1a254ce3dc""]","[""c9bb2a06-79b3-4a19-a148-0180abb7ebde""]","{""1"":""Exp + Lucre"",""2"":""Exp + Lucre"",""3"":""Demon Meat"",""4"":""Demon Meat"",""5"":""Orihalcon"",""6"":""Orihalcon"",""7"":""Orihalcon"",""8"":""Orihalcon""}","{""Pow"":""4"",""Skl"":""4"",""Def"":""4"",""Mgc"":""7"",""HP"":""7"",""Spr"":""8"",""Chm"":""7"",""Lck"":""5""}","DEF: Demonics","","400","punkster",""
"878dd523-922a-43ec-8876-4dff0d8cd695","Denden","morph","[""1d688ea1-febb-43a7-879a-1626dafb29a7"",""b1544f0c-d368-4ba5-a8dc-3dce6cc47de4"",""b98bee9c-556e-4876-99d3-d13226edf59d""]","[""8be3dc98-1680-4a9b-9b2f-08868bb276bb"",""a4de82f6-9775-4e04-bf49-6b264336ff92""]","{""1"":""Exp"",""2"":""Exp + Lucre"",""3"":""Morph Meat"",""4"":""Shell"",""5"":""Shell"",""6"":""Shell"",""7"":""Shell"",""8"":""Shell""}","{""Pow"":""4"",""Skl"":""4"",""Def"":""8"",""Mgc"":""3"",""HP"":""4"",""Spr"":""3"",""Chm"":""3"",""Lck"":""5""}","ATTK: Aerials","","100","denden",""
"a0b668d4-e383-4915-883a-d5e014d62403","Moldy Goo","morph","[""8be3dc98-1680-4a9b-9b2f-08868bb276bb"",""1704c29d-b3e9-49d9-8952-e297718e9846""]","[""8be3dc98-1680-4a9b-9b2f-08868bb276bb"",""a4de82f6-9775-4e04-bf49-6b264336ff92""]","{""1"":""Exp"",""2"":""Exp + Lucre"",""3"":""Morph Meat"",""4"":""Rust"",""5"":""Moss"",""6"":""Levantine"",""7"":""Levantine"",""8"":""Excalibur""}","{""Pow"":""10"",""Skl"":""2"",""Def"":""3"",""Mgc"":""3"",""HP"":""10"",""Spr"":""7"",""Chm"":""2"",""Lck"":""5""}","Power Plus","","80","moldy-goo",""
"ef456ec0-2a76-4e0d-a86c-45431a4c7f6a","Shadow Zero","morph","[""1d688ea1-febb-43a7-879a-1626dafb29a7"",""8be3dc98-1680-4a9b-9b2f-08868bb276bb"",""1704c29d-b3e9-49d9-8952-e297718e9846"",""d6d66be8-d4c3-4842-ac87-ad79aa5385dd""]","[""8be3dc98-1680-4a9b-9b2f-08868bb276bb"",""a4de82f6-9775-4e04-bf49-6b264336ff92""]","{""1"":""Exp + Lucre"",""2"":""Chocolate"",""3"":""Morph Meat"",""4"":""Jacobini Aerolite"",""5"":""Halley Aerolite"",""6"":""Ankh Aerolite"",""7"":""Vinek Aerolite"",""8"":""Tuttle Aerolite""}","{""Pow"":""3"",""Skl"":""7"",""Def"":""2"",""Mgc"":""3"",""HP"":""3"",""Spr"":""4"",""Chm"":""3"",""Lck"":""5""}","DEF: Darkness","","50","shadow-zero",""
"403254c2-4d14-4c50-8b07-22c51f077da9","Slime","morph","[""378bb20b-ad1f-44bf-9b34-8d28a3c2ce3b"",""8be3dc98-1680-4a9b-9b2f-08868bb276bb"",""f9cc14be-8c08-458d-bb4b-24a8f19eeb11""]","[""8be3dc98-1680-4a9b-9b2f-08868bb276bb"",""a4de82f6-9775-4e04-bf49-6b264336ff92""]","{""1"":""Exp + Lucre"",""2"":""Round Seed"",""3"":""Morph Meat"",""4"":""Acid"",""5"":""Acid"",""6"":""Acid"",""7"":""Acid"",""8"":""Acid""}","{""Pow"":""3"",""Skl"":""2"",""Def"":""10"",""Mgc"":""3"",""HP"":""8"",""Spr"":""2"",""Chm"":""2"",""Lck"":""5""}","DEF: Paralysis","","10","slime",""
"43ba5cf2-baeb-403c-880c-83655c6fe3cb","Tezla","morph","[""d788eaf2-761b-4e4a-b17f-035e9670b950"",""a4de82f6-9775-4e04-bf49-6b264336ff92""]","[""8be3dc98-1680-4a9b-9b2f-08868bb276bb"",""a4de82f6-9775-4e04-bf49-6b264336ff92""]","{""1"":""Exp"",""2"":""Exp + Lucre"",""3"":""Morph Meat"",""4"":""Electric Essence"",""5"":""Electric Essence"",""6"":""Electric Essence"",""7"":""Electric Essence"",""8"":""Electric Essence""}","{""Pow"":""3"",""Skl"":""4"",""Def"":""3"",""Mgc"":""7"",""HP"":""3"",""Spr"":""4"",""Chm"":""4"",""Lck"":""5""}","DEF: Morphs","","60","tezla",""
"fbf31c5a-2d25-4658-bd87-dbd9123317d6","Beholder","oddity","[""1d688ea1-febb-43a7-879a-1626dafb29a7"",""d788eaf2-761b-4e4a-b17f-035e9670b950""]","[""45401104-03f6-4dcd-8543-373ed020605d"",""f9cc14be-8c08-458d-bb4b-24a8f19eeb11""]","{""1"":""Exp + Lucre"",""2"":""Odd Meat"",""3"":""Silly Eye"",""4"":""Dangerous Eye"",""5"":""Angry Eye"",""6"":""Blank Eye"",""7"":""Creepy Eye"",""8"":""Wicked Eye""}","{""Pow"":""2"",""Skl"":""3"",""Def"":""4"",""Mgc"":""8"",""HP"":""4"",""Spr"":""4"",""Chm"":""10"",""Lck"":""5""}","DEF: Staring","","300","beholder",""
"ae517064-1be6-4ea1-83c9-fb1f1bdb6c73","Poto","oddity","[""c834ae7c-df9f-49b5-9259-b9d8ee50d684"",""45401104-03f6-4dcd-8543-373ed020605d""]","[""45401104-03f6-4dcd-8543-373ed020605d"",""f9cc14be-8c08-458d-bb4b-24a8f19eeb11""]","{""1"":""Exp + Lucre"",""2"":""Odd Meat"",""3"":""Blank Eye"",""4"":""Silly Eye"",""5"":""Aroma Oil"",""6"":""Aroma Oil"",""7"":""Aroma Oil"",""8"":""Aroma Oil""}","{""Pow"":""3"",""Skl"":""4"",""Def"":""3"",""Mgc"":""7"",""HP"":""3"",""Spr"":""7"",""Chm"":""4"",""Lck"":""5""}","ATTK: Dragons","","150","poto",""
"ab0c2947-1a91-4d31-ad6b-5f74aa0e4799","Spiny Cone","oddity","[""c9bb2a06-79b3-4a19-a148-0180abb7ebde"",""d788eaf2-761b-4e4a-b17f-035e9670b950"",""b1544f0c-d368-4ba5-a8dc-3dce6cc47de4""]","[""45401104-03f6-4dcd-8543-373ed020605d"",""f9cc14be-8c08-458d-bb4b-24a8f19eeb11""]","{""1"":""Exp + Lucre"",""2"":""Odd Meat"",""3"":""Odd Meat"",""4"":""Wind Cap"",""5"":""Wind Cap"",""6"":""Wind Cap"",""7"":""Wind Cap"",""8"":""Wind Cap""}","{""Pow"":""3"",""Skl"":""3"",""Def"":""7"",""Mgc"":""3"",""HP"":""3"",""Spr"":""4"",""Chm"":""3"",""Lck"":""5""}","DEF: Oddities","","100","spiny-cone",""
"23a856a9-621c-42e6-841a-fd1804a09ba3","Springball","oddity","[""ded1c1d8-364b-444f-bd94-4d1a254ce3dc"",""f9cc14be-8c08-458d-bb4b-24a8f19eeb11""]","[""45401104-03f6-4dcd-8543-373ed020605d"",""f9cc14be-8c08-458d-bb4b-24a8f19eeb11""]","{""1"":""Exp + Lucre"",""2"":""Odd Meat"",""3"":""Juggernaut"",""4"":""Odd Meat"",""5"":""Gigas Flail"",""6"":""Odd Meat"",""7"":""Odd Meat"",""8"":""Divine Flail""}","{""Pow"":""3"",""Skl"":""8"",""Def"":""3"",""Mgc"":""3"",""HP"":""7"",""Spr"":""4"",""Chm"":""7"",""Lck"":""5""}","Invincible","","350","springball",""
"8f45e804-349c-4b7e-92b7-3bf919bdc2b6","Lullabud","plant","[""b1544f0c-d368-4ba5-a8dc-3dce6cc47de4"",""6b3b7cac-0422-4e4c-8be2-acd6482c1adb""]","[""c9bb2a06-79b3-4a19-a148-0180abb7ebde"",""d788eaf2-761b-4e4a-b17f-035e9670b950""]","{""1"":""Exp"",""2"":""Big Seed"",""3"":""Small Seed"",""4"":""Long Seed"",""5"":""Poison Powder"",""6"":""Spiny Seed"",""7"":""Flat Seed"",""8"":""Flat Seed""}","{""Pow"":""3"",""Skl"":""3"",""Def"":""3"",""Mgc"":""3"",""HP"":""4"",""Spr"":""3"",""Chm"":""7"",""Lck"":""5""}","DEF: Plants","","30","lullabud",""
"ae2118ac-abe1-4a7a-913f-408148ea32c8","Malboro","plant","[""1d688ea1-febb-43a7-879a-1626dafb29a7"",""c9bb2a06-79b3-4a19-a148-0180abb7ebde"",""ded1c1d8-364b-444f-bd94-4d1a254ce3dc"",""f9cc14be-8c08-458d-bb4b-24a8f19eeb11""]","[""c9bb2a06-79b3-4a19-a148-0180abb7ebde"",""d788eaf2-761b-4e4a-b17f-035e9670b950""]","{""1"":""Exp + Lucre"",""2"":""Oblong Seed"",""3"":""Big Seed"",""4"":""Small Seed"",""5"":""Silly Eye"",""6"":""Flat Seed"",""7"":""Flat Seed"",""8"":""Flat Seed""}","{""Pow"":""4"",""Skl"":""3"",""Def"":""4"",""Mgc"":""3"",""HP"":""8"",""Spr"":""3"",""Chm"":""8"",""Lck"":""5""}","Paralysis","","60","malboro",""
"02371d2c-3d29-409f-8d55-bcffa166cf61","Mushboom","plant","[""45401104-03f6-4dcd-8543-373ed020605d"",""b98bee9c-556e-4876-99d3-d13226edf59d""]","[""c9bb2a06-79b3-4a19-a148-0180abb7ebde"",""d788eaf2-761b-4e4a-b17f-035e9670b950""]","{""1"":""Exp + Lucre"",""2"":""Exp + Lucre"",""3"":""Poison Powder"",""4"":""Sleepy Powder"",""5"":""Paralysis Powder"",""6"":""Cielmerloin"",""7"":""Cielmerloin"",""8"":""Cielmerloin""}","{""Pow"":""4"",""Skl"":""4"",""Def"":""3"",""Mgc"":""3"",""HP"":""7"",""Spr"":""4"",""Chm"":""3"",""Lck"":""5""}","Sleep","","40","mushboom",""
"9f5cda44-5c45-48f4-bd38-820a27270185","Wooding","plant","[""8be3dc98-1680-4a9b-9b2f-08868bb276bb"",""ded1c1d8-364b-444f-bd94-4d1a254ce3dc"",""b98bee9c-556e-4876-99d3-d13226edf59d""]","[""c9bb2a06-79b3-4a19-a148-0180abb7ebde"",""d788eaf2-761b-4e4a-b17f-035e9670b950""]","{""1"":""Exp + Lucre"",""2"":""Oak Wood"",""3"":""Holly Wood"",""4"":""Baobab Wood"",""5"":""Ebony Wood"",""6"":""Mistletoe"",""7"":""Toneriko Wood"",""8"":""Dior Wood""}","{""Pow"":""7"",""Skl"":""4"",""Def"":""4"",""Mgc"":""2"",""HP"":""8"",""Spr"":""2"",""Chm"":""2"",""Lck"":""5""}","ATTK: Beasts","","80","wooding",""
"68d55870-b2c1-4b86-ba18-71cfe20711a0","Chess Knight","poltergeist","[""1704c29d-b3e9-49d9-8952-e297718e9846"",""6b3b7cac-0422-4e4c-8be2-acd6482c1adb"",""95f0b58f-93ec-4d1b-a6e6-f0b087728f28"",""1b81296f-e448-4faa-9423-879638b59d06""]","[""1704c29d-b3e9-49d9-8952-e297718e9846"",""1b81296f-e448-4faa-9423-879638b59d06""]","{""1"":""Lucre"",""2"":""Exp + Lucre"",""3"":""Exp + Lucre"",""4"":""Healing Claw"",""5"":""Ivory"",""6"":""Giant's Horn"",""7"":""Giant's Horn"",""8"":""Adamantite""}","{""Pow"":""4"",""Skl"":""4"",""Def"":""3"",""Mgc"":""7"",""HP"":""3"",""Spr"":""7"",""Chm"":""7"",""Lck"":""5""}","Defense Plus","","250","chess-knight",""
"ce598281-6018-4ac1-bf7f-e6ffceab90a1","Dainslaif","poltergeist","[""378bb20b-ad1f-44bf-9b34-8d28a3c2ce3b"",""95f0b58f-93ec-4d1b-a6e6-f0b087728f28"",""1b81296f-e448-4faa-9423-879638b59d06""]","[""1704c29d-b3e9-49d9-8952-e297718e9846"",""1b81296f-e448-4faa-9423-879638b59d06""]","{""1"":""Lucre"",""2"":""Exp + Lucre"",""3"":""Throatslitter"",""4"":""Braveblade"",""5"":""Orihalcon"",""6"":""Deathstroke"",""7"":""Crimson Glare"",""8"":""Muramasa Blade""}","{""Pow"":""7"",""Skl"":""8"",""Def"":""3"",""Mgc"":""4"",""HP"":""7"",""Spr"":""4"",""Chm"":""3"",""Lck"":""5""}","DEF: Staring","","300","dainslaif",""
"0faeb74c-a232-4a8b-8187-0ad845aacd62","Polter Box","poltergeist","[""8be3dc98-1680-4a9b-9b2f-08868bb276bb"",""1704c29d-b3e9-49d9-8952-e297718e9846"",""bccbf8d9-dbb0-402b-8a2f-e258af32d745""]","[""1704c29d-b3e9-49d9-8952-e297718e9846"",""1b81296f-e448-4faa-9423-879638b59d06""]","{""1"":""Lucre"",""2"":""Exp + Lucre"",""3"":""Sunlight Crystal"",""4"":""Moon Crystal"",""5"":""Glow Crystal"",""6"":""Chaos Crystal"",""7"":""Goddess Mail"",""8"":""Goddess Mail""}","{""Pow"":""10"",""Skl"":""2"",""Def"":""3"",""Mgc"":""3"",""HP"":""10"",""Spr"":""3"",""Chm"":""3"",""Lck"":""5""}","Rare Item","","1000","polter-box",""
"9aea46e4-1435-4556-b7b1-a2cdd556ee67","Basilisk","reptile","[""1704c29d-b3e9-49d9-8952-e297718e9846"",""1b81296f-e448-4faa-9423-879638b59d06"",""ded1c1d8-364b-444f-bd94-4d1a254ce3dc""]","[""b1544f0c-d368-4ba5-a8dc-3dce6cc47de4"",""45401104-03f6-4dcd-8543-373ed020605d""]","{""1"":""Exp"",""2"":""Exp"",""3"":""Lizard Meat"",""4"":""Lizard Scales"",""5"":""Lizard Scales"",""6"":""Lizard Scales"",""7"":""Lizard Scales"",""8"":""Lizard Scales""}","{""Pow"":""3"",""Skl"":""4"",""Def"":""4"",""Mgc"":""7"",""HP"":""7"",""Spr"":""3"",""Chm"":""8"",""Lck"":""5""}","Petrification","","600","basilisk",""
"fc4f81db-ff3e-43f5-afd0-730ecdddc5dd","Rattler Boa","reptile","[""8be3dc98-1680-4a9b-9b2f-08868bb276bb"",""ed397928-b478-4ce6-b35e-93731aca1436"",""6b3b7cac-0422-4e4c-8be2-acd6482c1adb"",""b98bee9c-556e-4876-99d3-d13226edf59d""]","[""b1544f0c-d368-4ba5-a8dc-3dce6cc47de4"",""45401104-03f6-4dcd-8543-373ed020605d""]","{""1"":""Exp"",""2"":""Chocolate"",""3"":""Lizard Meat"",""4"":""Lizard Scales"",""5"":""Lizard Scales"",""6"":""Lizard Scales"",""7"":""Lizard Scales"",""8"":""Lizard Scales""}","{""Pow"":""4"",""Skl"":""7"",""Def"":""4"",""Mgc"":""3"",""HP"":""7"",""Spr"":""3"",""Chm"":""3"",""Lck"":""5""}","Poison","","100","rattler-boa",""
"a1548039-d70e-45f2-90ee-7213d75cffed","Tonpole","reptile","[""c834ae7c-df9f-49b5-9259-b9d8ee50d684"",""d788eaf2-761b-4e4a-b17f-035e9670b950"",""45401104-03f6-4dcd-8543-373ed020605d""]","[""b1544f0c-d368-4ba5-a8dc-3dce6cc47de4"",""45401104-03f6-4dcd-8543-373ed020605d""]","{""1"":""Exp"",""2"":""Round Seed"",""3"":""Lizard Meat"",""4"":""Blank Eye"",""5"":""Blank Eye"",""6"":""Blank Eye"",""7"":""Blank Eye"",""8"":""Blank Eye""}","{""Pow"":""3"",""Skl"":""3"",""Def"":""3"",""Mgc"":""3"",""HP"":""3"",""Spr"":""3"",""Chm"":""4"",""Lck"":""5""}","DEF: Reptiles","","20","tonpole",""
"9257421e-8847-40bf-9059-9baf77d4f257","Tyrranos","reptile","[""c9bb2a06-79b3-4a19-a148-0180abb7ebde"",""ded1c1d8-364b-444f-bd94-4d1a254ce3dc""]","[""b1544f0c-d368-4ba5-a8dc-3dce6cc47de4"",""45401104-03f6-4dcd-8543-373ed020605d""]","{""1"":""Exp + Lucre"",""2"":""Exp + Lucre"",""3"":""Lizard Meat"",""4"":""Gator Skin"",""5"":""Sharp Claw"",""6"":""Snake Scales"",""7"":""Snake Scales"",""8"":""Fossile""}","{""Pow"":""8"",""Skl"":""3"",""Def"":""7"",""Mgc"":""3"",""HP"":""10"",""Spr"":""3"",""Chm"":""3"",""Lck"":""5""}","ATTK: Arthropods","","1000","tyrranos",""
"291bf0fd-1c08-4930-8a25-9bdb57ac5ff5","Cursed Doll","poltergeist","[""1704c29d-b3e9-49d9-8952-e297718e9846"",""95f0b58f-93ec-4d1b-a6e6-f0b087728f28"",""d6d66be8-d4c3-4842-ac87-ad79aa5385dd""]","[""1704c29d-b3e9-49d9-8952-e297718e9846"",""1b81296f-e448-4faa-9423-879638b59d06""]","{""1"":""Lucre"",""2"":""Round Seed"",""3"":""Holly Wood"",""4"":""Baobab Wood"",""5"":""Doomhammer"",""6"":""Doomhammer"",""7"":""Judge's Gavel"",""8"":""Thor's Hammer""}","{""Pow"":""3"",""Skl"":""4"",""Def"":""3"",""Mgc"":""4"",""HP"":""4"",""Spr"":""3"",""Chm"":""4"",""Lck"":""5""}","DEF: Poltergeists","","100","cursed-doll",""
"ef45cd92-8443-4280-b799-39b424d6d0ae","Shrieknip","plant","[""d788eaf2-761b-4e4a-b17f-035e9670b950"",""b1544f0c-d368-4ba5-a8dc-3dce6cc47de4""]","[""c9bb2a06-79b3-4a19-a148-0180abb7ebde"",""d788eaf2-761b-4e4a-b17f-035e9670b950""]","{""1"":""Exp + Lucre"",""2"":""Small Seed"",""3"":""Long Seed"",""4"":""Big Seed"",""5"":""Ghost's Howl"",""6"":""Spiny Seed"",""7"":""Flat Seed"",""8"":""Flat Seed""}","{""Pow"":""2"",""Skl"":""2"",""Def"":""3"",""Mgc"":""7"",""HP"":""4"",""Spr"":""3"",""Chm"":""7"",""Lck"":""5""}","DEF: Sound Waves","","50","shrieknip",""
"aa24b49b-510f-4fd1-a56a-005b6187ffc3","Big Baby","aquatic","[""a4de82f6-9775-4e04-bf49-6b264336ff92""]","[""a4de82f6-9775-4e04-bf49-6b264336ff92"",""bccbf8d9-dbb0-402b-8a2f-e258af32d745""]","{""1"":""Exp + Lucre"",""2"":""Exp + Lucre"",""3"":""Fish Meat"",""4"":""Acid"",""5"":""Acid"",""6"":""Acid"",""7"":""Acid"",""8"":""Acid""}","{""Pow"":""4"",""Skl"":""4"",""Def"":""7"",""Mgc"":""8"",""HP"":""8"",""Spr"":""7"",""Chm"":""8"",""Lck"":""5""}","ATTK: Morphs","","80","big-baby",""
"ebf288f6-7bb9-435a-a3e6-9adcb79c313f","Goblin","demi-human","[""45401104-03f6-4dcd-8543-373ed020605d"",""95f0b58f-93ec-4d1b-a6e6-f0b087728f28"",""b98bee9c-556e-4876-99d3-d13226edf59d""]","[""832b8791-642b-40bb-abf1-9fefbab700aa""]","{""1"":""Exp + Lucre"",""2"":""Exp + Lucre"",""3"":""Black Elk"",""4"":""Earth Splitter"",""5"":""Silver Crane"",""6"":""Snow Deer"",""7"":""Langeax"",""8"":""Sweet Revenge""}","{""Pow"":""10"",""Skl"":""7"",""Def"":""8"",""Mgc"":""4"",""HP"":""10"",""Spr"":""3"",""Chm"":""3"",""Lck"":""5""}","ATTK: Slashing","Shade 3, Dryad 3","10","goblin",""
"0e5598ca-5988-41dd-a4bb-4497b16d4698","Kid Dragon","dragon","[""378bb20b-ad1f-44bf-9b34-8d28a3c2ce3b"",""d6d66be8-d4c3-4842-ac87-ad79aa5385dd""]","[""c834ae7c-df9f-49b5-9259-b9d8ee50d684""]","{""1"":""Exp + Lucre"",""2"":""Exp + Lucre"",""3"":""Dragon Steak"",""4"":""Dragon Blood"",""5"":""Dragon's Breath"",""6"":""Sharp Claw"",""7"":""JadeBand"",""8"":""DragonsRobe""}","{""Pow"":""4"",""Skl"":""4"",""Def"":""4"",""Mgc"":""7"",""HP"":""8"",""Spr"":""7"",""Chm"":""7"",""Lck"":""5""}","DEF: Breath","","500","kid-dragon",""
"a3820cf2-3558-464e-aae5-ac3723d5389b","Land Dragon","dragon","[""45401104-03f6-4dcd-8543-373ed020605d"",""95f0b58f-93ec-4d1b-a6e6-f0b087728f28"",""ded1c1d8-364b-444f-bd94-4d1a254ce3dc""]","[""c834ae7c-df9f-49b5-9259-b9d8ee50d684""]","{""1"":""Exp + Lucre"",""2"":""Exp + Lucre"",""3"":""Dragon Steak"",""4"":""Dragon Breath"",""5"":""Dragon Blood"",""6"":""Dragon Skin"",""7"":""Dragon's Mail"",""8"":""Dragon Scale""}","{""Pow"":""10"",""Skl"":""8"",""Def"":""10"",""Mgc"":""10"",""HP"":""10"",""Spr"":""10"",""Chm"":""10"",""Lck"":""5""}","ATTK: Demonics","","5000","land-dragon",""
"0365a03e-f9be-4406-b96b-cab0073bf0db","Lizardon","reptile","[""1704c29d-b3e9-49d9-8952-e297718e9846""]","[""b1544f0c-d368-4ba5-a8dc-3dce6cc47de4"",""45401104-03f6-4dcd-8543-373ed020605d""]","{""1"":""Exp"",""2"":""Round Seed"",""3"":""Lizard Meat"",""4"":""Blank Eye"",""5"":""Blank Eye"",""6"":""Blank Eye"",""7"":""Blank Eye"",""8"":""Blank Eye""}","{""Pow"":""4"",""Skl"":""4"",""Def"":""3"",""Mgc"":""3"",""HP"":""4"",""Spr"":""3"",""Chm"":""3"",""Lck"":""5""}","Pak'n Choco","","80","lizardon",""
"9a659353-8ab6-426c-8136-e34eae1b9ac2","Mad Mallard","demi-human","[""820411e2-0ba1-4237-8d3a-94d83e1c3479"",""1704c29d-b3e9-49d9-8952-e297718e9846"",""95f0b58f-93ec-4d1b-a6e6-f0b087728f28"",""1b81296f-e448-4faa-9423-879638b59d06""]","[""d788eaf2-761b-4e4a-b17f-035e9670b950""]","{""1"":""Exp + Lucre"",""2"":""Exp + Lucre"",""3"":""Soldier's Helm"",""4"":""Destiny Dice"",""5"":""Ninja's Charm"",""6"":""Captain's Helm"",""7"":""Captain's Helm"",""8"":""General's Helm""}","{""Pow"":""7"",""Skl"":""8"",""Def"":""10"",""Mgc"":""3"",""HP"":""10"",""Spr"":""7"",""Chm"":""3"",""Lck"":""5""}","Defense Plus","Wisp 3","10","mad-mallard",""
"84747298-bb39-4dee-a75e-2fbfcc8ead42","Narcissos","demi-human","[""ed397928-b478-4ce6-b35e-93731aca1436"",""696e2839-b3f7-481a-ab2a-4d8431ba6260"",""f9cc14be-8c08-458d-bb4b-24a8f19eeb11""]","[""1704c29d-b3e9-49d9-8952-e297718e9846""]","{""1"":""Exp + Lucre"",""2"":""Exp + Lucre"",""3"":""Spiral Claw"",""4"":""Gigas Gloves"",""5"":""Skuldesect"",""6"":""Holy Glove"",""7"":""Holy Glove"",""8"":""Hard-sell Glove""}","{""Pow"":""10"",""Skl"":""8"",""Def"":""7"",""Mgc"":""3"",""HP"":""10"",""Spr"":""7"",""Chm"":""3"",""Lck"":""5""}","ATTK: Striking","Gnome 3","10","narcissos",""
"3d222c49-9942-49fe-bb37-7d47ac6a6825","Sahagin","demi-human","[""c834ae7c-df9f-49b5-9259-b9d8ee50d684"",""ed397928-b478-4ce6-b35e-93731aca1436"",""a4de82f6-9775-4e04-bf49-6b264336ff92"",""45401104-03f6-4dcd-8543-373ed020605d"",""bccbf8d9-dbb0-402b-8a2f-e258af32d745""]","[""820411e2-0ba1-4237-8d3a-94d83e1c3479""]","{""1"":""Exp + Lucre"",""2"":""Exp + Lucre"",""3"":""Bronze Spear"",""4"":""True Spear"",""5"":""Stargazer"",""6"":""Fiery Stabber"",""7"":""Giant's Spear"",""8"":""Devil's Spear""}","{""Pow"":""7"",""Skl"":""7"",""Def"":""7"",""Mgc"":""3"",""HP"":""10"",""Spr"":""7"",""Chm"":""7"",""Lck"":""5""}","ATTK: Piercing","Dryad 3","10","sahagin",""
"d84233f8-aa64-46ff-b2d1-d2d12fdbdfad","Silkspitter","arthropod","[""b98bee9c-556e-4876-99d3-d13226edf59d""]","[""820411e2-0ba1-4237-8d3a-94d83e1c3479"",""696e2839-b3f7-481a-ab2a-4d8431ba6260""]","{""1"":""Exp"",""2"":""Exp + Lucre"",""3"":""Bug Meat"",""4"":""Sultan's Silk"",""5"":""Baked Caterpillar"",""6"":""Baked Caterpillar"",""7"":""Baked Caterpillar"",""8"":""Baked Caterpillar""}","{""Pow"":""3"",""Skl"":""4"",""Def"":""3"",""Mgc"":""3"",""HP"":""4"",""Spr"":""3"",""Chm"":""7"",""Lck"":""5""}","DEF: Arthropods","","140","silkspitter",""
"2f53dbb0-0257-4ed2-8aec-bab41bd86b22","Skeleton","undead","[""8be3dc98-1680-4a9b-9b2f-08868bb276bb"",""ed397928-b478-4ce6-b35e-93731aca1436"",""45401104-03f6-4dcd-8543-373ed020605d""]","[""378bb20b-ad1f-44bf-9b34-8d28a3c2ce3b""]","{""1"":""Exp"",""2"":""Exp"",""3"":""Animal Bone"",""4"":""Wishbone"",""5"":""Grave Dirt"",""6"":""Zombie Claw"",""7"":""Skullhead"",""8"":""Skeleton Mail""}","{""Pow"":""7"",""Skl"":""7"",""Def"":""4"",""Mgc"":""3"",""HP"":""7"",""Spr"":""3"",""Chm"":""3"",""Lck"":""5""}","Regeneration","","20","skeleton",""
"cb4d288e-7e3e-4358-babb-ea3d3f840e1f","Skull Beast","undead","[""378bb20b-ad1f-44bf-9b34-8d28a3c2ce3b"",""820411e2-0ba1-4237-8d3a-94d83e1c3479""]","[""378bb20b-ad1f-44bf-9b34-8d28a3c2ce3b""]","{""1"":""Exp"",""2"":""Exp + Lucre"",""3"":""Animal Bone"",""4"":""Grave Dirt"",""5"":""Zombie Claw"",""6"":""Giant's Horn"",""7"":""Giant's Horn"",""8"":""Giant's Horn""}","{""Pow"":""4"",""Skl"":""4"",""Def"":""3"",""Mgc"":""3"",""HP"":""3"",""Spr"":""2"",""Chm"":""2"",""Lck"":""5""}","DEF: Undeads","","10","skull-beast",""
"ae3a6e4c-24f1-4777-80a9-39a06ba8c6ef","Sky Dragon","dragon","[""c834ae7c-df9f-49b5-9259-b9d8ee50d684"",""95f0b58f-93ec-4d1b-a6e6-f0b087728f28"",""ded1c1d8-364b-444f-bd94-4d1a254ce3dc""]","[""c834ae7c-df9f-49b5-9259-b9d8ee50d684""]","{""1"":""Exp + Lucre"",""2"":""Exp + Lucre"",""3"":""Dragon Steak"",""4"":""Dragon Breath"",""5"":""Dragon Blood"",""6"":""Dragon Grass"",""7"":""Dragon's Ring"",""8"":""Dragon Scale""}","{""Pow"":""8"",""Skl"":""10"",""Def"":""10"",""Mgc"":""10"",""HP"":""10"",""Spr"":""10"",""Chm"":""10"",""Lck"":""5""}","DEF: Dragons","","5000","sky-dragon",""
"8f432730-c0a5-4890-b7eb-ead4f7b08e3d","Specter","undead","[""8be3dc98-1680-4a9b-9b2f-08868bb276bb"",""bccbf8d9-dbb0-402b-8a2f-e258af32d745"",""f9cc14be-8c08-458d-bb4b-24a8f19eeb11""]","[""378bb20b-ad1f-44bf-9b34-8d28a3c2ce3b""]","{""1"":""Exp + Lucre"",""2"":""Round Seed"",""3"":""Rotten Meat"",""4"":""Dragon Necklace"",""5"":""Grave Dirt"",""6"":""Zombie Claw"",""7"":""Vestment"",""8"":""Black Robe""}","{""Pow"":""2"",""Skl"":""3"",""Def"":""3"",""Mgc"":""10"",""HP"":""4"",""Spr"":""4"",""Chm"":""7"",""Lck"":""5""}","DEF: Freeze","","300","specter",""
"8baaa18c-594a-4181-9a1c-edcbe42fa65f","Succubus","demi-human","[""1d688ea1-febb-43a7-879a-1626dafb29a7"",""6b3b7cac-0422-4e4c-8be2-acd6482c1adb"",""1b81296f-e448-4faa-9423-879638b59d06"",""d6d66be8-d4c3-4842-ac87-ad79aa5385dd""]","[""c834ae7c-df9f-49b5-9259-b9d8ee50d684""]","{""1"":""Exp + Lucre"",""2"":""Exp + Lucre"",""3"":""Moonrock Tiara"",""4"":""Vitium Ribbon"",""5"":""Spirit Ribbon"",""6"":""Ancient Tiara"",""7"":""Ancient Tiara"",""8"":""Brisingamen""}","{""Pow"":""3"",""Skl"":""7"",""Def"":""3"",""Mgc"":""10"",""HP"":""7"",""Spr"":""8"",""Chm"":""10"",""Lck"":""5""}","HP Drain","Shade 3","10","succubus",""
"ffa86455-6105-4914-ba65-266b12f13612","Tomato Man","demi-human","[""378bb20b-ad1f-44bf-9b34-8d28a3c2ce3b"",""c9bb2a06-79b3-4a19-a148-0180abb7ebde"",""ded1c1d8-364b-444f-bd94-4d1a254ce3dc""]","[""696e2839-b3f7-481a-ab2a-4d8431ba6260""]","{""1"":""Chocolate"",""2"":""Ancient Robe"",""3"":""Rosary"",""4"":""Black Robe"",""5"":""Gambantein"",""6"":""Cernunnos Rod"",""7"":""Caduceus"",""8"":""Magic Beads""}","{""Pow"":""3"",""Skl"":""4"",""Def"":""3"",""Mgc"":""10"",""HP"":""10"",""Spr"":""8"",""Chm"":""7"",""Lck"":""5""}","Flameburst","Salamander 3","10","tomato-man",""
"8d6db890-7852-4ac8-919b-55edff6926c8","Zombine","undead","[""c834ae7c-df9f-49b5-9259-b9d8ee50d684"",""c9bb2a06-79b3-4a19-a148-0180abb7ebde""]","[""378bb20b-ad1f-44bf-9b34-8d28a3c2ce3b""]","{""1"":""Exp + Lucre"",""2"":""Exp + Lucre"",""3"":""Rotten Meat"",""4"":""Grave Dirt"",""5"":""Zombie Claw"",""6"":""Poison Fang"",""7"":""Poison Fang"",""8"":""Poison Fang""}","{""Pow"":""7"",""Skl"":""3"",""Def"":""3"",""Mgc"":""3"",""HP"":""8"",""Spr"":""2"",""Chm"":""2"",""Lck"":""5""}","ATTK: Poison","","5","zombine",""
"490ce863-53e4-4ea4-bd53-3667e6b23b56","Eye Spy","oddity","[""6b3b7cac-0422-4e4c-8be2-acd6482c1adb"",""696e2839-b3f7-481a-ab2a-4d8431ba6260""]","[""45401104-03f6-4dcd-8543-373ed020605d"",""f9cc14be-8c08-458d-bb4b-24a8f19eeb11""]","{""1"":""Exp"",""2"":""Odd Meat"",""3"":""Little Eye"",""4"":""Sleepy Eye"",""5"":""Silly Eye"",""6"":""Dangerous Eye"",""7"":""Angry Eye"",""8"":""Blank Eye""}","{""Pow"":""2"",""Skl"":""3"",""Def"":""2"",""Mgc"":""7"",""HP"":""7"",""Spr"":""4"",""Chm"":""7"",""Lck"":""5""}","DEF: Confusion","","5","eye-spy",""
"ba278693-4e6b-4908-b9eb-a7caa3114bf4","Machine Golem","poltergeist","[""1d688ea1-febb-43a7-879a-1626dafb29a7"",""d788eaf2-761b-4e4a-b17f-035e9670b950""]","[""e2105cab-d731-4763-9db4-f1903311327a""]","{""1"":""Exp + Lucre"",""2"":""Exp + Lucre"",""3"":""Exp + Lucre"",""4"":""Exp + Lucre"",""5"":""Exp + Lucre"",""6"":""Exp + Lucre"",""7"":""Exp + Lucre"",""8"":""Exp + Lucre""}","{""Pow"":""-"",""Skl"":""-"",""Def"":""-"",""Mgc"":""-"",""HP"":""-"",""Spr"":""-"",""Chm"":""-"",""Lck"":""-""}","N/A","","","machine-golem",""
