"ID","Title","Subtext","Thumbnail","Content","Slug","Template","Parent","Title","Description"
"4d9a64ed-aa94-41ba-990d-7356048b0b95","Wallpaper","","","Wallpaper...","","","b9c68eea-3d57-4cac-a216-4dff7ccda800","",""
"d334fe27-31a1-47da-a590-c9830963de8a","Game Manual","","","Game Manual...","","","b9c68eea-3d57-4cac-a216-4dff7ccda800","",""
"abb59169-1a49-4c00-b7db-b69184654c52","Save File","","","Save File...","","","b9c68eea-3d57-4cac-a216-4dff7ccda800","",""
"53810626-f2a5-495a-8008-f05728691d46","Morph","","img/encyclopedias/monsters-pets/egg-morph.png","","","monsters-pets/index","94331282-3507-4540-8cbb-d82e2553523b","",""
"75ed6651-48a2-498c-a9d6-9ff616ce83cf","Oddity","","img/encyclopedias/monsters-pets/egg-oddity.png","","","monsters-pets/index","94331282-3507-4540-8cbb-d82e2553523b","",""
"71cea51e-feaa-4e22-a880-2480f8d1dff0","Plant","","img/encyclopedias/monsters-pets/egg-plant.png","","","monsters-pets/index","94331282-3507-4540-8cbb-d82e2553523b","",""
"63ad8123-420f-4fc8-a19a-e99f294e08da","Poltergeist","","img/encyclopedias/monsters-pets/egg-poltergeist.png","","","monsters-pets/index","94331282-3507-4540-8cbb-d82e2553523b","",""
"52190adc-e0af-4c05-a07a-a37ebeb85c47","Reptile","","img/encyclopedias/monsters-pets/egg-reptile.png","","","monsters-pets/index","94331282-3507-4540-8cbb-d82e2553523b","",""
"aca8a25b-07fb-4cfc-9510-8ac2aab90b56","Undead","","img/encyclopedias/monsters-pets/egg-undead.png","","","monsters-pets/index","94331282-3507-4540-8cbb-d82e2553523b","",""
"4ee1f6ca-2df8-4d61-9106-5d5dc32ea44c","Aerial","","img/encyclopedias/monsters-pets/egg-aerial.png","","","monsters-pets/index","94331282-3507-4540-8cbb-d82e2553523b","",""
"57641373-07fd-4616-ad52-5d1c0da2c815","Aquatic","","img/encyclopedias/monsters-pets/egg-aquatic.png","","","monsters-pets/index","94331282-3507-4540-8cbb-d82e2553523b","",""
"1713525c-c00b-4bbe-b8df-24bcbb5ea223","Arthropod","","img/encyclopedias/monsters-pets/egg-arthropod.png","","","monsters-pets/index","94331282-3507-4540-8cbb-d82e2553523b","",""
"c179afda-cc4e-4380-9cdf-32a1ba4970f7","Beast","","img/encyclopedias/monsters-pets/egg-beast.png","","","monsters-pets/index","94331282-3507-4540-8cbb-d82e2553523b","",""
"ec9039a3-6f59-4e3b-8341-4b3055f78be5","Black","Multi","img/encyclopedias/produce/mush-in-a-box.png","","","produce/index","d2343d9c-786c-4bbc-bf51-b50d6a546ecf","",""
"90fbb15a-eda9-445b-ad24-6939ff5149ee","Blue","Round","img/encyclopedias/produce/gold-clover.png","","","produce/index","d2343d9c-786c-4bbc-bf51-b50d6a546ecf","",""
"36641699-8629-45db-9dc8-9f292ae22c5d","Demi-Human","","img/encyclopedias/monsters-pets/egg-demi-human.png","","","monsters-pets/index","94331282-3507-4540-8cbb-d82e2553523b","",""
"529367be-8cde-4428-8096-e340c5e0915e","Demonic","","img/encyclopedias/monsters-pets/egg-demonic.png","","","monsters-pets/index","94331282-3507-4540-8cbb-d82e2553523b","",""
"4d99e610-51a5-41d8-b43b-86ef9b2e3bc0","Dragon","","img/encyclopedias/monsters-pets/egg-dragon.png","","","monsters-pets/index","94331282-3507-4540-8cbb-d82e2553523b","",""
"6e266043-a92c-4b29-b19b-8354abe2e7ca","Green","Big","img/encyclopedias/produce/boarmelon.png","","","produce/index","d2343d9c-786c-4bbc-bf51-b50d6a546ecf","",""
"9b359f1a-db40-4c10-ba19-e32e82984042","Orange","Small","img/encyclopedias/produce/bumpkin.png","","","produce/index","d2343d9c-786c-4bbc-bf51-b50d6a546ecf","",""
"fff9ef0e-1b86-4f20-b722-80923a847987","Purple","Long","img/encyclopedias/produce/bellgrapes.png","","","produce/index","d2343d9c-786c-4bbc-bf51-b50d6a546ecf","",""
"08cfd0e0-630a-43c7-86bd-94a1e84ccd28","Red","Crooked","img/encyclopedias/produce/applesocks.png","","","produce/index","d2343d9c-786c-4bbc-bf51-b50d6a546ecf","",""
"3f8bf50e-16c1-4abf-9dd3-7a527a34b275","White","Flat","img/encyclopedias/produce/conchurnip.png","","","produce/index","d2343d9c-786c-4bbc-bf51-b50d6a546ecf","",""
"eab45ed0-b5e1-48f3-aacf-6982a2661bc4","Yellow","Oblong","img/encyclopedias/produce/citrisquid.png","","","produce/index","d2343d9c-786c-4bbc-bf51-b50d6a546ecf","",""
"30f1eed1-45ee-4ac9-93be-d66603a47279","Events","Guide","img/walkthrough/events.png","","","events/index","90ab4953-7ba7-49bf-9699-87cd1e8baca1","",""
"90ab4953-7ba7-49bf-9699-87cd1e8baca1","Walkthrough","Game Guide","","## Game Systems

This walkthrough contains detailed instructions (with graphical maps of every land) on how to complete every single event in a single play-through as well as a  re-imagined _'Round the Tree Again_ map configuration from the [Map/Artifact Placement Guide](https://gamefaqs.gamespot.com/ps/256525-legend-of-mana/faqs/10037) at GameFaqs.

<ul class=""mt-16 grid(flow-row cols-2) gap-x-4 md:(grid)"">
  {{ nav :from=""uri"" }}
    <li class=""pb-8"">
      {{ partial:_partials/heading
        tag=""h2"" 
        :link=""url"" 
        :subtext=""subtext"" 
        :img=""thumbnail"" 
        border=""yes"" 
      }}
        {{ title }}
      {{ /partial:_partials/heading }}
    </li>
  {{ /nav }}
</ul>","","","","",""
"d2343d9c-786c-4bbc-bf51-b50d6a546ecf","Produce","& Stats","img/encyclopedias/produce.png","","","produce/landing","9437c7a7-700b-4c96-9115-b7c31bb363ee","",""
"e0811a15-617d-4a69-b2fc-61fda0e5a07e","Abilities / ST","& Techs","img/encyclopedias/abilities-techniques.png","## Game Systems","","abilities-techs/index","9437c7a7-700b-4c96-9115-b7c31bb363ee","Abilities & ST Techs",""
"a6a791af-ff17-4d8b-b218-b75a892d14e0","Shops / Stores","& Prices","img/encyclopedias/shops.png","","","shops/index","9437c7a7-700b-4c96-9115-b7c31bb363ee","",""
"9437c7a7-700b-4c96-9115-b7c31bb363ee","Encyclopedias","Game System","","## Game Systems / Mechanics

<ul class=""mt-8 grid(flow-row cols-2) gap-x-4 md:(grid)"">
  {{ nav :from=""uri"" }}
    {{ if count <= 6 }}
    <li class=""pb-8"">
      {{ partial:_partials/heading
        tag=""h2"" 
        :link=""url"" 
        :subtext=""subtext"" 
        :img=""thumbnail"" 
        border=""yes"" 
      }}
        {{ title }}
      {{ /partial:_partials/heading }}
    </li>
    {{ /if }}
  {{ /nav }}
</ul>","","","","",""
"94331282-3507-4540-8cbb-d82e2553523b","Monsters","& Pets","img/encyclopedias/monsters-pets/rabite.png","","","monsters-pets/landing","9437c7a7-700b-4c96-9115-b7c31bb363ee","Monsters & Pets",""
"824f9911-3ac9-4f14-b903-e1b0f6d1ff98","Characters","& Info","img/encyclopedias/npc/niccolo.png","","","characters/index","9437c7a7-700b-4c96-9115-b7c31bb363ee","",""
"afc76a8c-330d-4327-963d-cdf56545aa67","Get Started","Setup","img/walkthrough/get-started.png","When you first begin your game you will need to choose a character (male or female). Then you can choose which type of weapon you would like use. You can buy all weapon types early in the game so you don't have to worry about what type you choose now. However, choosing and sticking with the *1H Sword* until level 99 is a good bet if you want to get decent, well rounded stats.

### Play Area

{.float-right .ml-4}[{.lb}![Map Thumbnail](/assets/img/walkthrough/maps/world-start-th.jpg){.img-th}__{.img-note}Zoom +__](#map-world-start)

Now you need to choose a section on the World Map where you would like to begin. Take a look at the map thumbnail to see where you can start in order to follow the rest of this Walkthrough. Move the map cursor to the top right corner. Now move the cursor 2 spaces to left and then 3 spaces down. You should see water in the left-most column in the 2nd space from the top and in the right-most column in the 3rd space from the top. Press X twice to proceed.

The next screen is a 3/4 view of the map that you just selected (the map is rotated about 45 degrees to right). Now you need to place your *Mailbox AF* somewhere on this map to create your Home. To be able to follow this walkthrough you should place the *Mailbox* in the bottom-most row in the 3rd space from the left. You will now automatically enter your Home. (See [Map/Land Guide](/walkthrough/maps/) for exact placement of the AF's)

You are now in the upstairs bedroom of your brand new *Home*. If you ever need to save your game you can come back here and talk to your bed to access the save menu. The following map will show you where everything is located in your *Home*.

### Home Map

![Home](/assets/img/walkthrough/maps/home.png){.mx-auto .max-w-sm}

### Recommended Skills

*The quickest path to Flip-Kick:*

* Jump + Retreat (Backstep) = Back-Roll
* Jump + Crouch = High-Jump
* Back-Roll + High Jump = Back-Flip
* Back-Roll + Back-Flip = Flip-Kick

### Getting near perfect stats...

Your stats are determined by whatever weapon you used when you level up. So if you follow a certain weapon path you can get near perfect stats:

1. Use a 1H Sword until you reach *Level 83*
2. Next, use a Staff until you reach *Level 96*
3. Finally, use a Hammer until *Level 99*

### Battle Mechanics

<div class=""aspect-wide""><iframe width=""100%"" height=""240"" src=""https://www.youtube.com/embed/videoseries?list=PL-gSoxtNFZV_eNWKT31J2EWgP9u51tVM3"" title=""YouTube video player"" frameborder=""0"" allowfullscreen=""true"">YouTube Video</iframe></div>

### Proceed

When you are finished setting everything up and exploring, talk to the Sprouting in Section 1 of the above map. He will eventually give you the *Colorblocks AF*. Exit out to the World Map and get ready to place the Colorblocks on the map to begin your [first Event](/walkthrough/events/niccolos-business-unusual/)...","","","90ab4953-7ba7-49bf-9699-87cd1e8baca1","",""
"a2fea9e2-f9fb-48cc-89c7-fac185ee4c31","Speed Run","Guide","img/walkthrough/speed-run.png","If you are doing a true speed run, choose the *2H Sword*. If you eventually want to get max stats on a New Game+, choose: *1H Sword*.

{.float-right .ml-4 .mb-5}[{.lb}![Play Area](/assets/img/walkthrough/speed-run/map-th.jpg){.img-th}__{.img-note}Zoom +__](#map-speedrun)

* *Play Area:* Far Right / 5 space from the top
* *Mailbox:* Center

{.mb-5 .p-4 .inline-block .bg-pri-900 .bg-opacity-10 .rounded} *Skills*
Lunge
Spin
ST: Rising Crush

* Exit house
* Talk to Sproutling, top answer
* Exit to world map
* *Colorblocks:* Below Home

### [The Lost Princess](/walkthrough/events/the-lost-princess/)

* Enter Domina
* Follow Elazul into Pub

(bottom answers)

* Exit to world map
* *Jade Egg*: Below Domina
* Enter Mekiv

{.mb-5 .p-4 .bg-pri-900 .bg-opacity-10 .rounded}*Battle Basics*
Follow a power attack with an empty ST hotkey trigger - [Battle Mechanics](https://www.youtube.com/playlist?list=PL-gSoxtNFZV_eNWKT31J2EWgP9u51tVM3)

* Lower Right
* Lower Right
* Right
* Lower Left
* Lower Left
* Left

Answer *""Side with Elazul""*

* Re-enter Mekiv
* Teleport using bottom Hippo
* Up
* Fight two enemies and try to get Earth Splitter or Black Elk
* Lower Right
* Lower Left
* Upper Left
* Left
* Upper Left
* Exit to world map

### [Monster Corral](/walkthrough/events/the-monster-corral/)

* Enter Domina
* Go to top center point on map and talk to Niccolo
* Answer *""No""*, then *""Yes""*
* Go to the first area and enter the lower left house, talk to Teapo
* Go to left-most point on map
* Bottom answers

_*HEADS UP:* If you are planning on doing a 100% run on a New Game+, make sure to talk to the Cactus in your bedroom after completing this event. This quest is ""missable"" in the Cactus Log_

### [Niccolo's Business Unusual](/walkthrough/events/niccolos-business-unusual/)

* *""Wheel:* Above Home
* Enter Luon Highway
* Keep going right, upper right at fork
* Give money

After:

* *Firefly Lamp:* Left of Luon Highway
* *Medallion:* Above Lumina

### [Faerie's Light](/walkthrough/events/faeries-light/)

* Enter Lumina
* Upper right to Monique’s Shop
* Talk to Horse guy, sell lamps
* Talk to puzzel Guy

1. Top Level Bear: B, B, A, C
2. Bottom Level Bear: A, A, A, C
3. Shopping District Bear: B, B, A, C

After:

* *Trembling Spoon:* Left of Home
* *Stone Eye:* Left of Lumina
* Enter Lumina
* Enter the bottom left map point; go down left across the bridge then up to the right; then go right and down the stairs to grab the monster companion
* Exit to the world map

### [The Fallen Emperor](/walkthrough/events/the-fallen-emperor/)

* Enter the Underworld
* Answer *""Dra...what?""* then *""Alright""*
* Left
* Right
* Right
* Right, 1st Door
* Upper Left
* Right
* Lower Left
* Right
* Right, 1st Door
* Talk to NPC
* Talk to Shadole
* Choose Baptismal Chamber
* Talk to upper left Shadole
* Exit
* Lower Left
* Right, 2nd Door
* Right
* Right
* Right, 1st Door
* Answer *""I am ready""*

After:

* *Skull Lantern:* Below Underworld
* *Broken Doll:* Below Norn Peaks

### [The Guardian Of Winds](/walkthrough/events/the-guardian-of-winds/)

* Enter Norn Peaks (make sure you have Larc in the party)
* Right
* Right
* Right
* Talk to the Windcallers in the Upper Right side of Town
* Exit Upper Right

---

* Upper Right
* Upper Right

---

* Upper Left
* Left
* Upper Left
* Left

---

* Right
* Lower Right
* Right
* Upper Right
* Right
* Lower Right
* Upper Right

---

* Lower Left
* Left
* Upper Right

---

* Right
* Upper Right
* Left
* Left

After:

* *Dragon Bone:* Left of Norn Peaks

### [The Field Trip](/walkthrough/events/the-field-trip/)

* Enter the Bone Fortress
* Talk to center NPC
* Go right, then leave, then right again
* Student in blue along at the top has the Faerie Scales
* Male Flowerling in the Lower Right has the Starsparkles
* Purple Flowerling near the Middle Right side has the Silver Spotted Mushrooms

![Field Trip Students](/assets/img/walkthrough/field-trip.jpg){.mx-auto}

### [The Ghost Of Nemesis](/walkthrough/events/the-ghost-of-nemesis/)

* Enter The Bone Fortress (Make sure you have a pet AND Larc in your party)
* Go right, answer *""Stay""*, beat boss, enter skull
* Search the Stool

---

* Down (hope for Braveblade)
* Left
* Search the Skull
* Left
* Search the Knight
* Right (pick up pet)

---

* Left
* Lower Right
* Lower Left (hope for Braveblade again)
* Right
* Search the Left Stool
* Go inside the elevator
* Go to the 3rd Floor 
* Answer *""I know""*, (battle Sierra)

---

* Pick up Key
* Go to 2nd Floor

---

* Left
* Search the Knight
* Left (pick up Larc)

---

* Go to 1st Floor
* Search Lower Left Stool
* Go to 3rd Floor
* Left

---

* Beat Boss
* Right

After:

* *Green Cane:* Above The Bone Fortress

### [The Dragon Princess](/walkthrough/events/the-dragon-princess/)

* Enter the White Forest (make sure you have Larc in your party)

---

* Lower Left
* Lower Left
* Down
* Left
* Left
* Lower Left
* Lower Right
* Right
* Answer *""Stay""*

### [The Crimson Dragon](/walkthrough/events/the-crimson-dragon/)

* Enter the Underworld
* Upper Left
* Upper Right
* Right
* First Doorway
* Up
* Upper Right
* Lower Left
* Head Right to Second Doorway
* Upper Right
* Upper Right
* Right, First Doorway
* Up through Faces
* Upper Right
* Far Left
* Left, 3rd Door
* Up through Faces
* Touch Shadoles
* Up through Faces, Answer *""Let's Go!""*

---

* Up (Bridge)
* Up
* Up
* Left
* Upper Left
* Up first set of Stairs
* Up through Door
* Fall through Floor
* Far Lower Left
* Down
* Upper Right

---

* After fight, Lower Right
* Upper Left
* Up
* Far Lower Right
* Fall through Floor

---

* After fight, Right
* Lower Right
* Up Stairs
* Lower Left
* Down
* Upper Left
* Left
* Down
* Down
* Touch Blue Orb

---

* After fight, Upper Right
* Up
* Up
* Up through Door
* Up

After:

* *Torch of Coral:* Right of Home
* *Sand Rose:* Below Madora Beach

### [Summer Lovin'](/walkthrough/events/summer-lovin/)

* Enter Madora Beach (try to dodge as many crabs as possible to save time)
* Right
* Right
* Right into Cave
* Lower Right
* Upper Right
* Upper Right
* Upper Left
* Left into Cave
* Upper Left
* Lower Right

After:

* *Rusty Anchor:* Above Madora Beach
* *Tome of Magic:* Right of Polpota Harbor
* *Flame:* Right of Geo
* *Moon's Mirror* Below Gato

*To trigger next event, try...*

1. Home
2. Exit to world map
3. Home
4. Enter House
5. Exit House and head to Workshops

### [The Cage Of Dreams](/walkthrough/events/the-cage-of-dreams/)

* Go to Workshops
* Exit Workshops
* Answer *""No""*
* Go to next Area
* Go to Workshops, talk to shield thingie

After:

* *Sword of Mana:* Right of Madora Beach

### [Legend Of Mana](/walkthrough/events/the-legend-of-mana/)

The end ;)","","","90ab4953-7ba7-49bf-9699-87cd1e8baca1","",""
"68b864d3-8ca5-44f8-93e2-e198da0e5ff3","Maps","& Artifacts","img/walkthrough/maps.png","## Play Area

{.float-right .ml-4 .mb-5}[{.lb}![Play Area](/assets/img/walkthrough/speed-run/map-th.jpg){.img-th}__{.img-note}Zoom +__](#map-world-start)

There's a ton of configurations that you can use to complete The Legend of Mana and get all of the goodies along the way. For this [Walkthrough](/walkthrough/events/) I have chosen the __'Round the Tree Again__ map configuration from the ""Map/Artifact Placement Guide, version 2.5"" found at [GameFaqs](http://gamefaqs.com/ps/256525-legend-of-mana/faqs/10037).

To place your AF's (Artifacts) efficiently you will need to pick a very specific location on the play area.

## Artifact Order

If you are following the included [Walkthrough](/walkthrough/events/), you should place your lands in the order listed below. This Land Placement Guide allows you to obtain the following (if you follow the event order exactly as [listed](/walkthrough/events/)):

* Access to all Events
* Access to all Mineral [Shops](/encyclopedias/shops/)
* Access to all [Demi-Human](/encyclopedias/monsters-pets/demi-human/) Pets
* Highest level Weapon Shops
* Full Mana Levels in Orchard
* [Wimpy Thugling](/walkthrough/events/the-wimpy-thugling/) Event","","maps/show","90ab4953-7ba7-49bf-9699-87cd1e8baca1","Maps & Artifacts",""
"fa47d9c2-d3ba-43d1-beaa-227b6ed59c09","Home","","","__Legend of Mana Info__ strives to be the ultimate resource for all things related to the deep world of Legend of Mana. Contained within these pages is all of the knowledge I've attained throughout the many years I've played this satisfying <abbr title=""Role Playing Game"">RPG</abbr>. Enjoy!","","home","","",""
"2b1b531b-9e4a-4541-b3e5-d295d9bc7cde","World History","& Info","img/encyclopedias/en-info.png","","","world-history/index","9437c7a7-700b-4c96-9115-b7c31bb363ee","",""
"f01f270a-684f-40de-9f8d-72138302960b","Tempering","& Recipes","img/encyclopedias/recipes.png","<p class=""mb-16 bg(pri-600 opacity-25) flex overflow-hidden rounded""><b class=""p-5 bg(pri-600 opacity-50) flex items-center""><i class=""fal fa-fw fa-comment-alt-exclamation fa-flip-horizontal fa-2x text-pri-200 motion-safe:animate-pulse""></i></b><span class=""p-5 flex-1 self-center""><a href=""https://forge.grendel.fr/"">Mana Forge</a><small class=""block""><i>The</i> best place to build and test your own recipes.</small></span></p>","","recipes/index","9437c7a7-700b-4c96-9115-b7c31bb363ee","Tempering Recipes",""
"b9c68eea-3d57-4cac-a216-4dff7ccda800","Extras","Misc","","## Goodies

{{ collection:extras sort=""order"" }}
  <div class=""pb-8 lg:(flex space-x-12)"">
    <div class=""flex-1"">
  {{ partial:_partials/heading tag=""h2"" :subtext=""subtext"" link="""" img=""/assets/img/encyclopedias/en-tome.png"" border=""yes"" }}{{ title }}{{ /partial:_partials/heading }}
    </div>
    <div class=""flex-none"">
      <a href=""{{ link }}"" class=""group block relative hover:(motion-safe:animate-waggle)"" download>
        <figure>
          <img src=""{{ image }}"" alt=""{{ title }} Image"" class=""relative z-[-1] rounded shadow-md ring-1 ring-black ring-opacity-75"">
          <figcaption class=""p-4 w-16 bg-pri-900 text(white 3xl) flex items-center justify-center absolute z-10 left-0 inset-y-0 motion-safe:transition-all group-hover:(w-full bg-opacity-50)"">
            <i class=""fal fa-arrow-to-bottom text-yellow-400"" title=""Download {{ title }}""> </i>
          </figcaption>
        </figure>
      </a>
    </div>
  </div>
  {{ if slug == 'save-file' }}
    {{ content }}
  {{ /if }}
{{ /collection:extras }}","","","","",""
