"ID","Title","Color","Stats +","Stats -","Slug","Parent"
"7051e9bc-92b5-49c3-b4b2-92a722184546","Apricat","red","[""def"",""clm""]","","apricat",""
"78e1a9ca-bca7-495f-b941-69361eb04926","Bellgrapes","purple","[""mgc"",""spr"",""sch""]","frd","bellgrapes",""
"4e2f8eaa-4f72-4185-acba-367a6a3c6f6d","Boarmelon","green","[""pwr"",""skl"",""spr"",""lon""]","chm","boarmelon",""
"292034cc-6648-47b9-bea6-6e0381c1ed3d","Bumpkin","orange","[""pwr"",""spr"",""agg"",""arr"",""sch"",""laz""]","","bumpkin",""
"8ae0ddb8-c551-4e6a-bf2d-522e51e68fac","Cabbadillo","green","[""def"",""spr"",""frd"",""lon""]","chm","cabbadillo",""
"7d7e9e63-9e34-495d-846f-bd9e7d395a6c","Cherry Bombs","purple","[""hp"",""frd""]","","cherry-bombs",""
"428e0ed0-e33e-42c8-b6b4-5f2cf0002c73","Citrisquid","yellow","[""mgc"",""sch""]","","citrisquid",""
"6095286f-a723-450e-9565-dee295dc0db6","Conchurnip","white","[""pwr"",""def"",""agg"",""arr""]","mgc","conchurnip",""
"bb4189db-9a5c-447f-9439-2ca75274d09b","Cornflower","yellow","[""mgc"",""spr"",""agg""]","clm","cornflower",""
"89b67ca2-f3d0-4acc-a644-f4fe1ffba78f","Dialaurel","green","[""pwr"",""agg""]","chm","dialaurel",""
"0d07f89d-59d7-4494-bac9-bb9e8af7c6da","Diceberry","red","[""pwr"",""agg""]","","diceberry",""
"50cf5ce9-57bc-4850-af70-c4ee58d30b6c","Fishy Fruit","yellow","[""skl"",""mgc"",""chm""]","[""hp"",""sch""]","fishy-fruit",""
"f3a467ec-4825-4a7f-b6e6-7e300d5c9be4","Garlicrown","white","chm","arr","garlicrown",""
"7661ff70-034f-44ac-b113-150427f0829d","Gold Clover","blue","[""skl"",""lck"",""frd""]","sch","gold-clover",""
"cac35c8c-260f-4fc6-9589-6404cb7da5aa","Heart Mint","blue","chm","laz","heart-mint",""
"4669639c-6d0c-48e4-a431-5b511c0d3ce0","Honey Onion","orange","[""skl"",""hp"",""ind""]","pwr","honey-onion",""
"16bb8f3f-6b2e-492d-8ce9-09929e70cc34","Lilipods","purple","[""skl"",""hp"",""frd"",""clm"",""ind"",""lon""]","mgc","lilipods",""
"8a87c4d4-b828-491d-a4ab-697762b7f3ab","Loquat Shoes","orange","[""skl"",""chm"",""sch"",""laz""]","hp","loquat-shoes",""
"2c6b15bf-94cc-437b-8c84-d70c77e6d888","Mangolephant","white","[""pwr"",""hp"",""agg"",""arr""]","","mangolephant",""
"56ad4b86-600d-479e-93b6-cd5f39359824","Masked Potato","white","[""def"",""hp"",""spr""]","[""lck"",""frd""]","masked-potato",""
"b578d97c-46bd-4bca-bcb8-179b41fe0e01","Mush-in-a-Box","black","","","mush-in-a-box",""
"a2ea622a-b237-4a49-b692-4ded9e9a5fad","Needlettuce","green","[""def"",""chm"",""clm""]","agg","needlettuce",""
"d704929a-4a0c-4e7a-9e23-228e13cd0fb7","Orangeopus","orange","[""def"",""hp"",""sch"",""laz""]","","orangeopus",""
"5a85ce3f-c589-47ee-af2e-e0bf455d9a37","Orcaplant","purple","[""skl"",""mgc"",""sch""]","frd","orcaplant",""
"f44a1d49-6427-4eb4-9fcf-9a1f0803c094","Peach Puppy","red","[""pwr"",""skl"",""frd""]","sch","peach-puppy",""
"aface98d-eea5-43e9-908a-85f12ecc2e3e","Pear o' Heels","white","[""pwr"",""def"",""chm"",""arr""]","spr","pear-o-heels",""
"4cdb1507-8a64-4f3d-8366-b7593dc7e78e","Pine o' Clock","blue","[""spr"",""lck""]","[""agg"",""frd"",""clm"",""sch""]","pine-o-clock",""
"023662e6-1e16-4d76-82d0-381019c9a3f5","Rhinoloupe","blue","[""pwr"",""hp"",""spr""]","[""mgc"",""clm""]","rhinoloupe",""
"b19a9e47-eb43-42bd-9631-208331487baf","Rocket Papaya","orange","[""mgc"",""chm"",""clm""]","agg","rocket-papaya",""
"50a5e7e0-3410-4704-84e1-633a5d51afeb","Spade Basil","blue","spr","lon","spade-basil",""
"78cb3db9-a814-46ba-acaa-46caab9bbd87","Spiny Carrot","orange","[""mgc"",""spr"",""clm"",""ind""]","skl","spiny-carrot",""
"1bbf9477-100e-4802-9114-e5240e798f4c","Springanana","yellow","hp","ind","springanana",""
"0f69b606-30a0-426a-b500-848f8688d929","Squalphin","green","[""mgc"",""lck"",""frd"",""lon""]","pwr","squalphin",""
"53b8d153-18a1-4498-b5ca-14929a0f5a59","Sweet Moai","purple","[""def"",""mgc"",""laz""]","skl","sweet-moai",""
"1004f1b7-4b11-4cea-b41d-4c88c4c2aa0e","Toadstoolshed","black","[""pwr"",""skl"",""def"",""mgc"",""hp"",""spr"",""chm""]","","toadstoolshed",""
"d29ff79f-f5fe-45ef-800a-f2690c7bb7cd","Whalamato","red","[""mgc"",""hp"",""chm""]","[""def"",""agg""]","whalamato",""
"005e18cf-7ba4-4816-a568-af7b1d328d76","Applesocks","[""red""]","[""skl"",""chm"",""clm"",""ind""]","","applesocks",""
