"ID","Title","Subtext","Content","Slug","Parent"
"27a6a3f9-93cd-4fa1-a0f6-641afe68160d","Makin' Lucre","26,643 $L","[{""type"":""paragraph"",""content"":[{""type"":""text"",""marks"":[{""type"":""bold""}],""text"":""26,643""},{""type"":""text"",""text"":"" ""},{""type"":""text"",""marks"":[{""type"":""italic""}],""text"":""$L""}]},{""type"":""paragraph"",""content"":[{""type"":""text"",""marks"":[{""type"":""italic""}],""text"":""Wind Caps""},{""type"":""text"",""text"":"" are dropped by ""},{""type"":""text"",""marks"":[{""type"":""link"",""attrs"":{""href"":""\/encyclopedias\/monsters-pets\/oddity\/#monster-spiny-cone"",""rel"":null,""target"":null,""title"":null}}],""text"":""Spiny Cones""},{""type"":""text"",""text"":"", and ""},{""type"":""text"",""marks"":[{""type"":""italic""}],""text"":""Clear Feathers""},{""type"":""text"",""text"":"" are dropped by ""},{""type"":""text"",""marks"":[{""type"":""link"",""attrs"":{""href"":""\/encyclopedias\/monsters-pets\/arthropod\/#monster-stinger-bug"",""rel"":null,""target"":null,""title"":null}}],""text"":""Stinger Bugs""},{""type"":""text"",""text"":"". Both of which can be found in ""},{""type"":""text"",""marks"":[{""type"":""italic""}],""text"":""Luon Highway""},{""type"":""text"",""text"":"".""}]},{""type"":""set"",""attrs"":{""values"":{""type"":""ingredients"",""ingredient"":[""Wind Cap"",""Clear Feather"",""Clear Feather"",""Clear Feather"",""Clear Feather""]}}}]","",""
"bf6381fe-f823-470e-aac6-238177b0bdaf","Power Sword","Lorimar Iron","[{""type"":""set"",""attrs"":{""values"":{""type"":""infos"",""info"":[{""cells"":[""Material"",""Lorimar Iron""]},{""cells"":[""Attack"",""113""]},{""cells"":[""Essense"",""00-00-02-00-03-00-02-00""]},{""cells"":[""Stats"",""01-01-00-01-03-03-00-00""]},{""cells"":[""Resists"",""07-09-09-09-09-09-09-09""]}]}}},{""type"":""set"",""attrs"":{""values"":{""type"":""ingredients"",""ingredient"":[""Firestone"",""Windstone"",""Flat Seed"",""Bell Grapes"",""Flat Seed"",""Holy Water"",""Holy Water"",""Holy Water"",""Holy Water""]}}}]","",""
"af1073e2-44d1-4bee-a1f3-b6f62a047a0b","Ultimate Pendant","Emerald","[{""type"":""set"",""attrs"":{""values"":{""type"":""infos"",""info"":[{""cells"":[""Material"",""Emerald""]},{""cells"":[""Defense"",""0, 0, 0, 28""]},{""cells"":[""Essense"",""03-03-05-03-02-03-03-03""]},{""cells"":[""Stats"",""All +20""]},{""cells"":[""Resists"",""All""]},{""cells"":[""Immunity"",""All""]},{""cells"":[""Effects"",""Extra Lucre""]}]}}},{""type"":""set"",""attrs"":{""values"":{""type"":""ingredients"",""ingredient"":[""Shade Silver"",""Aura Silver"",""Gnome Silver"",""Wisp Silver"",""Undine Silver"",""Moth Wing"",""Gnome Silver"",""Moth Wing"",""Chaos Crystal"",""Jinn Silver"",""Moth Wing"",""Sala Silver"",""Moth Wing"",""Any Seed"",""Sulfur"",""Sulfur"",""Card-Item (example: Lilipods)"",""Wicked Eye"",""Wicked Eye"",""Virgin's(Damsel's) Sigh"",""Pine o' Clock"",""Stinky Breath"",""Angry Eye"",""Squalphin"",""Fishy Fruit"",""Ghost\u2019s Howl"",""Blackened Bat"",""Zombie Claw"",""Spiny Seed"",""Ghost's Howl"",""Dragon Blood x15"",""Moth Wing""]}}}]","",""
"bafaa18e-22c5-4ed0-b44c-02e871793477","+20 Stats","Non-Wood, Non-Aerolite","[{""type"":""paragraph"",""content"":[{""type"":""text"",""marks"":[{""type"":""bold""}],""text"":""Non-Wood, Non-Aerolite ONLY!!!""}]},{""type"":""paragraph"",""content"":[{""type"":""text"",""text"":""* You can use this recipe to make a Ring and temper in an ""},{""type"":""text"",""marks"":[{""type"":""bold""}],""text"":""Ear of Wheat""},{""type"":""text"",""text"":"" in place of the ""},{""type"":""text"",""marks"":[{""type"":""bold""}],""text"":""Springana""},{""type"":""text"",""text"":"". The result will be a ""},{""type"":""text"",""marks"":[{""type"":""bold""}],""text"":""Forbidden Ring""},{""type"":""text"",""text"":"" with +20 Stats and the effect: ""},{""type"":""text"",""marks"":[{""type"":""italic""}],""text"":""Shared EXP""}]},{""type"":""set"",""attrs"":{""values"":{""type"":""ingredients"",""ingredient"":[""Round Seed"",""3x Sulfur"",""Round Seed"",""Needle\/Needlettuce"",""Springana or Ear of Wheat*"",""Spiny Seed"",""Poison Fang"",""Spiny Seed"",""Lilipods"",""9x Meat""]}}}]","",""
