"ID","Title","Type","Location","Shop Types","Materials","Slug","Parent"
"546f55aa-0df1-4fdf-9c3f-727ce4d95fb2","Domina","Town","","[""Weapon"",""Armor"",""Instrument"",""Material""]","","",""
"463fe6c0-2e93-4099-b4dd-db5743f19831","Gato Grottoes","Town","","[""Weapon"",""Material""]","","",""
"351f64b6-962e-4bbb-86db-a791a654fe87","Lumina","Town","","[""Weapon"",""Armor"",""Instrument"",""Material"",""Jewel""]","","",""
"f0c1fd04-ccba-42d2-ae85-0cd404ea045e","Ulkan Mine","Town","","[""Weapon"",""Armor""]","","",""
"e12af204-b43f-4ea6-b53b-e7203e112609","Polpota Harbor","Town","","[""Weapon"",""Armor"",""Instrument"",""Material""]","","",""
"30f26a22-ab32-444b-86b4-20062f63b320","Geo","Town","","[""Weapon"",""Armor"",""Instrument"",""Meterial"",""Jewel""]","","",""
"d04ea974-dee3-4cde-ab27-22476a0ccc1d","Bone Fortress","Town","","[""Seed"",""Produce""]","","",""
"1e7d3451-a938-42a6-80d7-6f1f7ac5e502","Bejeweled City","Town","","[""Jewel""]","","",""
"ef64c19a-c83c-41bb-afd3-b5b18bc85118","Level 1","Price","546f55aa-0df1-4fdf-9c3f-727ce4d95fb2","","[{""material"":""MenosBronze"",""cost"":300,""type"":""material"",""enabled"":true},{""material"":""ForsenaIron"",""cost"":600,""type"":""material"",""enabled"":true},{""material"":""OakWood"",""cost"":300,""type"":""material"",""enabled"":true},{""material"":""HollyWood"",""cost"":720,""type"":""material"",""enabled"":true},{""material"":""Marble"",""cost"":600,""type"":""material"",""enabled"":true},{""material"":""ToppleCotton"",""cost"":60,""type"":""material"",""enabled"":true},{""material"":""FireStone"",""cost"":250,""type"":""material"",""enabled"":true},{""material"":""EarthStone"",""cost"":250,""type"":""material"",""enabled"":true},{""material"":""WindStone"",""cost"":250,""type"":""material"",""enabled"":true},{""material"":""WaterStone"",""cost"":250,""type"":""material"",""enabled"":true}]","",""
"9611998a-c870-443b-9c29-2a344311bec8","Level 2","Price","351f64b6-962e-4bbb-86db-a791a654fe87","","[{""material"":""GranzSteel"",""cost"":1200,""type"":""material"",""enabled"":true},{""material"":""LorantSilver"",""cost"":1500,""type"":""material"",""enabled"":true},{""material"":""BaobabWood"",""cost"":1320,""type"":""material"",""enabled"":true},{""material"":""Obsidian"",""cost"":1320,""type"":""material"",""enabled"":true},{""material"":""Sultan\u2019s Silk"",""cost"":180,""type"":""material"",""enabled"":true},{""material"":""Mercury"",""cost"":300,""type"":""material"",""enabled"":true},{""material"":""Sulfur"",""cost"":300,""type"":""material"",""enabled"":true}]","",""
"3ffba6b0-e811-4d2b-9d3e-d7dc63c692e4","Level 3","Price","e12af204-b43f-4ea6-b53b-e7203e112609","","[{""material"":""WendelSilver"",""cost"":1800,""type"":""material"",""enabled"":true},{""material"":""VizelGold"",""cost"":2400,""type"":""material"",""enabled"":true},{""material"":""EbonyWood"",""cost"":1800,""type"":""material"",""enabled"":true},{""material"":""JuddHemp"",""cost"":300,""type"":""material"",""enabled"":true},{""material"":""AromaOil"",""cost"":250,""type"":""material"",""enabled"":true},{""material"":""HolyWater"",""cost"":250,""type"":""material"",""enabled"":true}]","",""
"446766a9-96ad-4a14-beb5-acc58c11be7d","Level 4","Price","30f26a22-ab32-444b-86b4-20062f63b320","","[{""material"":""IshePlatinum"",""cost"":3000,""type"":""material"",""enabled"":true},{""material"":""LorimarIron"",""cost"":3600,""type"":""material"",""enabled"":true},{""material"":""MapleWood"",""cost"":2400,""type"":""material"",""enabled"":true},{""material"":""PedanStone"",""cost"":2700,""type"":""material"",""enabled"":true},{""material"":""AltenaFelt"",""cost"":600,""type"":""material"",""enabled"":true}]","",""
"f2c1090f-2c55-46fd-ba2d-453e47b27a14","Bejeweled City, Lumina, Geo","Price","","","[{""material"":""Ivory"",""cost"":480,""type"":""material"",""enabled"":true},{""material"":""Coral"",""cost"":480,""type"":""material"",""enabled"":true},{""material"":""Emerald"",""cost"":9000,""type"":""material"",""enabled"":true},{""material"":""Pearl"",""cost"":9000,""type"":""material"",""enabled"":true},{""material"":""LapisLazuli"",""cost"":9000,""type"":""material"",""enabled"":true},{""material"":""SunCrystal"",""cost"":1500,""type"":""material"",""enabled"":true},{""material"":""MoonCrystal"",""cost"":1500,""type"":""material"",""enabled"":true},{""material"":""GlowCrystal"",""cost"":2000,""type"":""material"",""enabled"":true},{""material"":""ChaosCrystal"",""cost"":5000,""type"":""material"",""enabled"":true}]","",""
